Workbook

Sheet At Home
B2: TOPIC: AT HOME
A3: No | B3: No | C3: ID | D3: Sentence | E3: Type | F3: Link | G3: ID | H3: Copy Google drive to …
B4: 1 | C4: =B4&E4 -> 1Struc | D4: S + SHOULD GET IN THE HABIT OF... /Ai đó nên tập thói quen.../ | E4: Struc | F4: =IF(G4="","","https://docs.google.com/uc?export=download&id="&G4)
B5: 1.1 | C5: =B5&E5 -> 1.1Viet | D5: Chúng ta nên tập thói quen đi ngủ sớm. | E5: Viet | F5: =IF(G5="","","https://docs.google.com/uc?export=download&id="&G5) | G5: =IFERROR(LEFT(RIGHT(H5,LEN(H5)-32),LEN(RIGHT(H5,LEN(H5)-32))-17),"")
A6: 1 | B6: 1.1 | C6: =B6&E6 -> 1.1Eng | D6: We should get in the habit of going to bed early. | E6: Eng | F6: =IF(G6="","","https://docs.google.com/uc?export=download&id="&G6) -> https://docs.google.com/uc?export=download&id=1EUEwBv_Azfhs7iLZkzMl4yHtAOMLZyVX | G6: =IFERROR(LEFT(RIGHT(H6,LEN(H6)-32),LEN(RIGHT(H6,LEN(H6)-32))-17),"") -> 1EUEwBv_Azfhs7iLZkzMl4yHtAOMLZyVX | H6: https://drive.google.com/file/d/1EUEwBv_Azfhs7iLZkzMl4yHtAOMLZyVX/view?usp=sharing
B7: 1.1 | C7: =B7&E7 -> 1.1Phon | D7: wi: ʃʊd gɛt ɪn ðə ˈhæbɪt ʌv ˈgoʊɪŋ tu: bɛd ˈɜ:rli | E7: Phon | F7: =IF(G7="","","https://docs.google.com/uc?export=download&id="&G7) | G7: =IFERROR(LEFT(RIGHT(H7,LEN(H7)-32),LEN(RIGHT(H7,LEN(H7)-32))-17),"")
B8: 1.2 | C8: =B8&E8 -> 1.2Viet | D8: Bạn nên tập thói quen ăn ít đường lại. | E8: Viet | F8: =IF(G8="","","https://docs.google.com/uc?export=download&id="&G8) | G8: =IFERROR(LEFT(RIGHT(H8,LEN(H8)-32),LEN(RIGHT(H8,LEN(H8)-32))-17),"")
A9: 2 | B9: 1.2 | C9: =B9&E9 -> 1.2Eng | D9: You should get in the habit of eating less sugar. | E9: Eng | F9: =IF(G9="","","https://docs.google.com/uc?export=download&id="&G9) -> https://docs.google.com/uc?export=download&id=1MlqjNq8kQ94dYJweu5oPBrFx0I93Yyeo | G9: =IFERROR(LEFT(RIGHT(H9,LEN(H9)-32),LEN(RIGHT(H9,LEN(H9)-32))-17),"") -> 1MlqjNq8kQ94dYJweu5oPBrFx0I93Yyeo | H9: https://drive.google.com/file/d/1MlqjNq8kQ94dYJweu5oPBrFx0I93Yyeo/view?usp=sharing
B10: 1.2 | C10: =B10&E10 -> 1.2Phon | D10: ju: ʃʊd gɛt ɪn ðə ˈhæbɪt ʌv ˈi:tɪŋ lɛs ˈʃʊgər | E10: Phon | F10: =IF(G10="","","https://docs.google.com/uc?export=download&id="&G10) | G10: =IFERROR(LEFT(RIGHT(H10,LEN(H10)-32),LEN(RIGHT(H10,LEN(H10)-32))-17),"")
B11: 1.3 | C11: =B11&E11 -> 1.3Viet | D11: Bạn nên tập thói quen ăn nhiều rau hơn. | E11: Viet | F11: =IF(G11="","","https://docs.google.com/uc?export=download&id="&G11) | G11: =IFERROR(LEFT(RIGHT(H11,LEN(H11)-32),LEN(RIGHT(H11,LEN(H11)-32))-17),"")
A12: 3 | B12: 1.3 | C12: =B12&E12 -> 1.3Eng | D12: You should get in the habit of eating more vegetables. | E12: Eng | F12: =IF(G12="","","https://docs.google.com/uc?export=download&id="&G12) -> https://docs.google.com/uc?export=download&id=1SeIJlTweNW1_IyLqcY34YuKkzysG0g4j | G12: =IFERROR(LEFT(RIGHT(H12,LEN(H12)-32),LEN(RIGHT(H12,LEN(H12)-32))-17),"") -> 1SeIJlTweNW1_IyLqcY34YuKkzysG0g4j | H12: https://drive.google.com/file/d/1SeIJlTweNW1_IyLqcY34YuKkzysG0g4j/view?usp=sharing
B13: 1.3 | C13: =B13&E13 -> 1.3Phon | D13: ju: ʃʊd gɛt ɪn ðə ˈhæbɪt ʌv ˈi:tɪŋ mɔ:r ˈvɛʤtəbəlz | E13: Phon | F13: =IF(G13="","","https://docs.google.com/uc?export=download&id="&G13) | G13: =IFERROR(LEFT(RIGHT(H13,LEN(H13)-32),LEN(RIGHT(H13,LEN(H13)-32))-17),"")
B14: 1.4 | C14: =B14&E14 -> 1.4Viet | D14: Bạn nên tập thói quen uống hai lít nước mỗi ngày. | E14: Viet | F14: =IF(G14="","","https://docs.google.com/uc?export=download&id="&G14) | G14: =IFERROR(LEFT(RIGHT(H14,LEN(H14)-32),LEN(RIGHT(H14,LEN(H14)-32))-17),"")
A15: 4 | B15: 1.4 | C15: =B15&E15 -> 1.4Eng | D15: You should get in the habit of drinking two liters of water a day. | E15: Eng | F15: =IF(G15="","","https://docs.google.com/uc?export=download&id="&G15) -> https://docs.google.com/uc?export=download&id=1cpT1V0nph64P_jIEXen2_Elf_6juUjLu | G15: =IFERROR(LEFT(RIGHT(H15,LEN(H15)-32),LEN(RIGHT(H15,LEN(H15)-32))-17),"") -> 1cpT1V0nph64P_jIEXen2_Elf_6juUjLu | H15: https://drive.google.com/file/d/1cpT1V0nph64P_jIEXen2_Elf_6juUjLu/view?usp=sharing
B16: 1.4 | C16: =B16&E16 -> 1.4Phon | D16: ju: ʃʊd gɛt ɪn ðə ˈhæbɪt ʌv ˈdrɪŋkɪŋ tu: ˈli:tərz ʌv ˈwa:tər ə deɪ | E16: Phon | F16: =IF(G16="","","https://docs.google.com/uc?export=download&id="&G16) | G16: =IFERROR(LEFT(RIGHT(H16,LEN(H16)-32),LEN(RIGHT(H16,LEN(H16)-32))-17),"")
B17: 1.5 | C17: =B17&E17 -> 1.5Viet | D17: Bạn nên tập thói quen đọc sách mỗi ngày. | E17: Viet | F17: =IF(G17="","","https://docs.google.com/uc?export=download&id="&G17) | G17: =IFERROR(LEFT(RIGHT(H17,LEN(H17)-32),LEN(RIGHT(H17,LEN(H17)-32))-17),"")
A18: 5 | B18: 1.5 | C18: =B18&E18 -> 1.5Eng | D18: You should get in the habit of reading book everyday. | E18: Eng | F18: =IF(G18="","","https://docs.google.com/uc?export=download&id="&G18) -> https://docs.google.com/uc?export=download&id=1kwClC1wSsTrVRfYVZv91B7GQmqUKo0n- | G18: =IFERROR(LEFT(RIGHT(H18,LEN(H18)-32),LEN(RIGHT(H18,LEN(H18)-32))-17),"") -> 1kwClC1wSsTrVRfYVZv91B7GQmqUKo0n- | H18: https://drive.google.com/file/d/1kwClC1wSsTrVRfYVZv91B7GQmqUKo0n-/view?usp=sharing
B19: 1.5 | C19: =B19&E19 -> 1.5Phon | D19: ju: ʃʊd gɛt ɪn ðə ˈhæbɪt ʌv ˈriːdɪŋ bʊk ˈevrideɪ | E19: Phon | F19: =IF(G19="","","https://docs.google.com/uc?export=download&id="&G19) | G19: =IFERROR(LEFT(RIGHT(H19,LEN(H19)-32),LEN(RIGHT(H19,LEN(H19)-32))-17),"")
B20: 2 | C20: =B20&E20 -> 2Struc | D20: YOU CAN... WHEN YOU... /Bạn có thể... khi bạn…/ | E20: Struc | F20: =IF(G20="","","https://docs.google.com/uc?export=download&id="&G20) | G20: =IFERROR(LEFT(RIGHT(H20,LEN(H20)-32),LEN(RIGHT(H20,LEN(H20)-32))-17),"")
B21: 2.1 | C21: =B21&E21 -> 2.1Viet | D21: Bạn có thể thấy tốt hơn khi bạn ngủ ngon giấc. | E21: Viet | F21: =IF(G21="","","https://docs.google.com/uc?export=download&id="&G21) | G21: =IFERROR(LEFT(RIGHT(H21,LEN(H21)-32),LEN(RIGHT(H21,LEN(H21)-32))-17),"")
A22: 6 | B22: 2.1 | C22: =B22&E22 -> 2.1Eng | D22: You can feel better when you sleep well. | E22: Eng | F22: =IF(G22="","","https://docs.google.com/uc?export=download&id="&G22) -> https://docs.google.com/uc?export=download&id=190CxmSvCqUXTiJB0vKpvTSxHOfd9-ugK | G22: =IFERROR(LEFT(RIGHT(H22,LEN(H22)-32),LEN(RIGHT(H22,LEN(H22)-32))-17),"") -> 190CxmSvCqUXTiJB0vKpvTSxHOfd9-ugK | H22: https://drive.google.com/file/d/190CxmSvCqUXTiJB0vKpvTSxHOfd9-ugK/view?usp=sharing
B23: 2.1 | C23: =B23&E23 -> 2.1Phon | D23: ju: kæn fi:l ˈbɛtər wɛn ju: sli:p wɛl | E23: Phon | F23: =IF(G23="","","https://docs.google.com/uc?export=download&id="&G23) | G23: =IFERROR(LEFT(RIGHT(H23,LEN(H23)-32),LEN(RIGHT(H23,LEN(H23)-32))-17),"")
B24: 2.2 | C24: =B24&E24 -> 2.2Viet | D24: Bạn có thể tập trung tốt hơn khi bạn ngủ đủ giấc. | E24: Viet | F24: =IF(G24="","","https://docs.google.com/uc?export=download&id="&G24) | G24: =IFERROR(LEFT(RIGHT(H24,LEN(H24)-32),LEN(RIGHT(H24,LEN(H24)-32))-17),"")
A25: 7 | B25: 2.2 | C25: =B25&E25 -> 2.2Eng | D25: You can focus better when you get enough sleep. | E25: Eng | F25: =IF(G25="","","https://docs.google.com/uc?export=download&id="&G25) -> https://docs.google.com/uc?export=download&id=1q_VEFhV42JL3iG1YDJz2lFtdk8gHcSM1 | G25: =IFERROR(LEFT(RIGHT(H25,LEN(H25)-32),LEN(RIGHT(H25,LEN(H25)-32))-17),"") -> 1q_VEFhV42JL3iG1YDJz2lFtdk8gHcSM1 | H25: https://drive.google.com/file/d/1q_VEFhV42JL3iG1YDJz2lFtdk8gHcSM1/view?usp=sharing
B26: 2.2 | C26: =B26&E26 -> 2.2Phon | D26: ju: kæn ˈfoʊkəs ˈbɛtər wɛn ju: gɛt ɪˈnʌf sli:p | E26: Phon | F26: =IF(G26="","","https://docs.google.com/uc?export=download&id="&G26) | G26: =IFERROR(LEFT(RIGHT(H26,LEN(H26)-32),LEN(RIGHT(H26,LEN(H26)-32))-17),"")
B27: 2.3 | C27: =B27&E27 -> 2.3Viet | D27: Da bạn sẽ đẹp hơn khi bạn ngủ 8 tiếng mỗi đêm. | E27: Viet | F27: =IF(G27="","","https://docs.google.com/uc?export=download&id="&G27) | G27: =IFERROR(LEFT(RIGHT(H27,LEN(H27)-32),LEN(RIGHT(H27,LEN(H27)-32))-17),"")
A28: 8 | B28: 2.3 | C28: =B28&E28 -> 2.3Eng | D28: Your skin looks better when you sleep eight hours a night. | E28: Eng | F28: =IF(G28="","","https://docs.google.com/uc?export=download&id="&G28) -> https://docs.google.com/uc?export=download&id=1M2C3kZJPCE9ds51Hc3PJD4T-S7qxjRZI | G28: =IFERROR(LEFT(RIGHT(H28,LEN(H28)-32),LEN(RIGHT(H28,LEN(H28)-32))-17),"") -> 1M2C3kZJPCE9ds51Hc3PJD4T-S7qxjRZI | H28: https://drive.google.com/file/d/1M2C3kZJPCE9ds51Hc3PJD4T-S7qxjRZI/view?usp=sharing
B29: 2.3 | C29: =B29&E29 -> 2.3Phon | D29: jʊr skɪn lʊks ˈbɛtər wɛn ju: sli:p eɪt ˈaʊərz ə naɪt | E29: Phon | F29: =IF(G29="","","https://docs.google.com/uc?export=download&id="&G29) | G29: =IFERROR(LEFT(RIGHT(H29,LEN(H29)-32),LEN(RIGHT(H29,LEN(H29)-32))-17),"")
B30: 2.4 | C30: =B30&E30 -> 2.4Viet | D30: Bạn có thể thấy khoẻ hơn khi bạn tập thể dục đều đặn. | E30: Viet | F30: =IF(G30="","","https://docs.google.com/uc?export=download&id="&G30) | G30: =IFERROR(LEFT(RIGHT(H30,LEN(H30)-32),LEN(RIGHT(H30,LEN(H30)-32))-17),"")
A31: 9 | B31: 2.4 | C31: =B31&E31 -> 2.4Eng | D31: You can feel better when you exercise regularly. | E31: Eng | F31: =IF(G31="","","https://docs.google.com/uc?export=download&id="&G31) -> https://docs.google.com/uc?export=download&id=1p15eoz1B0og3wMHeNX6siiPbbGv3-ep9 | G31: =IFERROR(LEFT(RIGHT(H31,LEN(H31)-32),LEN(RIGHT(H31,LEN(H31)-32))-17),"") -> 1p15eoz1B0og3wMHeNX6siiPbbGv3-ep9 | H31: https://drive.google.com/file/d/1p15eoz1B0og3wMHeNX6siiPbbGv3-ep9/view?usp=sharing
B32: 2.4 | C32: =B32&E32 -> 2.4Phon | D32: ju: kæn fi:l ˈbɛtər wɛn ju: ˈɛksərsaɪz ˈrɛgjələrli | E32: Phon | F32: =IF(G32="","","https://docs.google.com/uc?export=download&id="&G32) | G32: =IFERROR(LEFT(RIGHT(H32,LEN(H32)-32),LEN(RIGHT(H32,LEN(H32)-32))-17),"")
B33: 2.5 | C33: =B33&E33 -> 2.5Viet | D33: Công việc của bạn sẽ kém đi khi bạn không ngủ đủ giấc. | E33: Viet | F33: =IF(G33="","","https://docs.google.com/uc?export=download&id="&G33) | G33: =IFERROR(LEFT(RIGHT(H33,LEN(H33)-32),LEN(RIGHT(H33,LEN(H33)-32))-17),"")
A34: 10 | B34: 2.5 | C34: =B34&E34 -> 2.5Eng | D34: Your work can suffer when you don’t get enough sleep. | E34: Eng | F34: =IF(G34="","","https://docs.google.com/uc?export=download&id="&G34) -> https://docs.google.com/uc?export=download&id=16HD5I-PAnqXzU1yCAmvjIZY0TD8LMUPi | G34: =IFERROR(LEFT(RIGHT(H34,LEN(H34)-32),LEN(RIGHT(H34,LEN(H34)-32))-17),"") -> 16HD5I-PAnqXzU1yCAmvjIZY0TD8LMUPi | H34: https://drive.google.com/file/d/16HD5I-PAnqXzU1yCAmvjIZY0TD8LMUPi/view?usp=sharing
B35: 2.5 | C35: =B35&E35 -> 2.5Phon | D35: jʊr wɜ:rk kæn ˈsʌfər wɛn ju: doʊnt gɛt ɪˈnʌf sli:p | E35: Phon | F35: =IF(G35="","","https://docs.google.com/uc?export=download&id="&G35) | G35: =IFERROR(LEFT(RIGHT(H35,LEN(H35)-32),LEN(RIGHT(H35,LEN(H35)-32))-17),"")
B36: 3 | C36: =B36&E36 -> 3Struc | D36: ….NAG SOMEONE... /…cằn nhằn ai đó.../ | E36: Struc | F36: =IF(G36="","","https://docs.google.com/uc?export=download&id="&G36) | G36: =IFERROR(LEFT(RIGHT(H36,LEN(H36)-32),LEN(RIGHT(H36,LEN(H36)-32))-17),"")
B37: 3.1 | C37: =B37&E37 -> 3.1Viet | D37: Ba mẹ cứ cằn nhằn tôi miếc. | E37: Viet | F37: =IF(G37="","","https://docs.google.com/uc?export=download&id="&G37) | G37: =IFERROR(LEFT(RIGHT(H37,LEN(H37)-32),LEN(RIGHT(H37,LEN(H37)-32))-17),"")
A38: 11 | B38: 3.1 | C38: =B38&E38 -> 3.1Eng | D38: My parents nag me all the time. | E38: Eng | F38: =IF(G38="","","https://docs.google.com/uc?export=download&id="&G38) -> https://docs.google.com/uc?export=download&id=1OX5ZhzBSYvhsYQ453S2zeXUDeqdL6GXK | G38: =IFERROR(LEFT(RIGHT(H38,LEN(H38)-32),LEN(RIGHT(H38,LEN(H38)-32))-17),"") -> 1OX5ZhzBSYvhsYQ453S2zeXUDeqdL6GXK | H38: https://drive.google.com/file/d/1OX5ZhzBSYvhsYQ453S2zeXUDeqdL6GXK/view?usp=sharing
B39: 3.1 | C39: =B39&E39 -> 3.1Phon | D39: maɪ ˈpɛrənts næg mi: a:l ðə taɪm | E39: Phon | F39: =IF(G39="","","https://docs.google.com/uc?export=download&id="&G39) | G39: =IFERROR(LEFT(RIGHT(H39,LEN(H39)-32),LEN(RIGHT(H39,LEN(H39)-32))-17),"")
B40: 3.2 | C40: =B40&E40 -> 3.2Viet | D40: Anh chỉ mong em đừng cằn nhằn nữa. | E40: Viet | F40: =IF(G40="","","https://docs.google.com/uc?export=download&id="&G40) | G40: =IFERROR(LEFT(RIGHT(H40,LEN(H40)-32),LEN(RIGHT(H40,LEN(H40)-32))-17),"")
A41: 12 | B41: 3.2 | C41: =B41&E41 -> 3.2Eng | D41: I wish you’d stop nagging. | E41: Eng | F41: =IF(G41="","","https://docs.google.com/uc?export=download&id="&G41) -> https://docs.google.com/uc?export=download&id=1md-VahdksxLlOJsQCZZAwT8bZBs21_JB | G41: =IFERROR(LEFT(RIGHT(H41,LEN(H41)-32),LEN(RIGHT(H41,LEN(H41)-32))-17),"") -> 1md-VahdksxLlOJsQCZZAwT8bZBs21_JB | H41: https://drive.google.com/file/d/1md-VahdksxLlOJsQCZZAwT8bZBs21_JB/view?usp=sharing
B42: 3.2 | C42: =B42&E42 -> 3.2Phon | D42: aɪ wɪʃ ju:d sta:p ˈnægɪŋ | E42: Phon | F42: =IF(G42="","","https://docs.google.com/uc?export=download&id="&G42) | G42: =IFERROR(LEFT(RIGHT(H42,LEN(H42)-32),LEN(RIGHT(H42,LEN(H42)-32))-17),"")
B43: 3.3 | C43: =B43&E43 -> 3.3Viet | D43: Mẹ tôi luôn cằn nhằn về cân nặng của tôi. | E43: Viet | F43: =IF(G43="","","https://docs.google.com/uc?export=download&id="&G43) | G43: =IFERROR(LEFT(RIGHT(H43,LEN(H43)-32),LEN(RIGHT(H43,LEN(H43)-32))-17),"")
A44: 13 | B44: 3.3 | C44: =B44&E44 -> 3.3Eng | D44: My mom always nags me about my weight. | E44: Eng | F44: =IF(G44="","","https://docs.google.com/uc?export=download&id="&G44) -> https://docs.google.com/uc?export=download&id=1W2gnUPybXDKAKnHpi_O3qXlH-JGySOGW | G44: =IFERROR(LEFT(RIGHT(H44,LEN(H44)-32),LEN(RIGHT(H44,LEN(H44)-32))-17),"") -> 1W2gnUPybXDKAKnHpi_O3qXlH-JGySOGW | H44: https://drive.google.com/file/d/1W2gnUPybXDKAKnHpi_O3qXlH-JGySOGW/view?usp=sharing
B45: 3.3 | C45: =B45&E45 -> 3.3Phon | D45: maɪ ma:m ˈa:lweɪz nægz mi: əˈbaʊt maɪ weɪt | E45: Phon | F45: =IF(G45="","","https://docs.google.com/uc?export=download&id="&G45) | G45: =IFERROR(LEFT(RIGHT(H45,LEN(H45)-32),LEN(RIGHT(H45,LEN(H45)-32))-17),"")
B46: 4 | C46: =B46&E46 -> 4Struc | D46: IT’S YOUR TURN TO + VERB /Đến lượt anh…/ | E46: Struc | F46: =IF(G46="","","https://docs.google.com/uc?export=download&id="&G46) | G46: =IFERROR(LEFT(RIGHT(H46,LEN(H46)-32),LEN(RIGHT(H46,LEN(H46)-32))-17),"")
B47: 4.1 | C47: =B47&E47 -> 4.1Viet | D47: Đến lượt anh cắt cỏ. | E47: Viet | F47: =IF(G47="","","https://docs.google.com/uc?export=download&id="&G47) | G47: =IFERROR(LEFT(RIGHT(H47,LEN(H47)-32),LEN(RIGHT(H47,LEN(H47)-32))-17),"")
A48: 14 | B48: 4.1 | C48: =B48&E48 -> 4.1Eng | D48: It’s your turn to cut the grass. | E48: Eng | F48: =IF(G48="","","https://docs.google.com/uc?export=download&id="&G48) -> https://docs.google.com/uc?export=download&id=1xMa5hyFWEx4ECFu2QQEEevvDsTGaXCu3 | G48: =IFERROR(LEFT(RIGHT(H48,LEN(H48)-32),LEN(RIGHT(H48,LEN(H48)-32))-17),"") -> 1xMa5hyFWEx4ECFu2QQEEevvDsTGaXCu3 | H48: https://drive.google.com/file/d/1xMa5hyFWEx4ECFu2QQEEevvDsTGaXCu3/view?usp=sharing
B49: 4.1 | C49: =B49&E49 -> 4.1Phon | D49: ɪts jʊr tɜ:rn tu: kʌt ðə græs | E49: Phon | F49: =IF(G49="","","https://docs.google.com/uc?export=download&id="&G49) | G49: =IFERROR(LEFT(RIGHT(H49,LEN(H49)-32),LEN(RIGHT(H49,LEN(H49)-32))-17),"")
B50: 4.2 | C50: =B50&E50 -> 4.2Viet | D50: Đến lượt em rửa chén. | E50: Viet | F50: =IF(G50="","","https://docs.google.com/uc?export=download&id="&G50) | G50: =IFERROR(LEFT(RIGHT(H50,LEN(H50)-32),LEN(RIGHT(H50,LEN(H50)-32))-17),"")
A51: 15 | B51: 4.2 | C51: =B51&E51 -> 4.2Eng | D51: It’s your turn to wash the dishes. | E51: Eng | F51: =IF(G51="","","https://docs.google.com/uc?export=download&id="&G51) -> https://docs.google.com/uc?export=download&id=1tm4Gnp4Mc1R_e0cAvtW0nRkB2RNR8TJe | G51: =IFERROR(LEFT(RIGHT(H51,LEN(H51)-32),LEN(RIGHT(H51,LEN(H51)-32))-17),"") -> 1tm4Gnp4Mc1R_e0cAvtW0nRkB2RNR8TJe | H51: https://drive.google.com/file/d/1tm4Gnp4Mc1R_e0cAvtW0nRkB2RNR8TJe/view?usp=sharing
B52: 4.2 | C52: =B52&E52 -> 4.2Phon | D52: ɪts jʊr tɜ:rn tu: wa:ʃ ðə ˈdɪʃɪz | E52: Phon | F52: =IF(G52="","","https://docs.google.com/uc?export=download&id="&G52) | G52: =IFERROR(LEFT(RIGHT(H52,LEN(H52)-32),LEN(RIGHT(H52,LEN(H52)-32))-17),"")
B53: 4.3 | C53: =B53&E53 -> 4.3Viet | D53: Đến lượt anh nấu ăn. | E53: Viet | F53: =IF(G53="","","https://docs.google.com/uc?export=download&id="&G53) | G53: =IFERROR(LEFT(RIGHT(H53,LEN(H53)-32),LEN(RIGHT(H53,LEN(H53)-32))-17),"")
A54: 16 | B54: 4.3 | C54: =B54&E54 -> 4.3Eng | D54: It’s your turn to cook. | E54: Eng | F54: =IF(G54="","","https://docs.google.com/uc?export=download&id="&G54) -> https://docs.google.com/uc?export=download&id=1hudp3O_q8Tdd_w7ZG93Nr57puvad2U7B | G54: =IFERROR(LEFT(RIGHT(H54,LEN(H54)-32),LEN(RIGHT(H54,LEN(H54)-32))-17),"") -> 1hudp3O_q8Tdd_w7ZG93Nr57puvad2U7B | H54: https://drive.google.com/file/d/1hudp3O_q8Tdd_w7ZG93Nr57puvad2U7B/view?usp=sharing
B55: 4.3 | C55: =B55&E55 -> 4.3Phon | D55: ɪts jʊr tɜ:rn tu: kʊk | E55: Phon | F55: =IF(G55="","","https://docs.google.com/uc?export=download&id="&G55) | G55: =IFERROR(LEFT(RIGHT(H55,LEN(H55)-32),LEN(RIGHT(H55,LEN(H55)-32))-17),"")
B56: 4.4 | C56: =B56&E56 -> 4.4Viet | D56: Đến lượt anh lau nhà. | E56: Viet | F56: =IF(G56="","","https://docs.google.com/uc?export=download&id="&G56) | G56: =IFERROR(LEFT(RIGHT(H56,LEN(H56)-32),LEN(RIGHT(H56,LEN(H56)-32))-17),"")
A57: 17 | B57: 4.4 | C57: =B57&E57 -> 4.4Eng | D57: It’s your turn to mop the floor. | E57: Eng | F57: =IF(G57="","","https://docs.google.com/uc?export=download&id="&G57) -> https://docs.google.com/uc?export=download&id=1Ysqk608y9XWGZ5GwRGfei6JM4X_z2djQ | G57: =IFERROR(LEFT(RIGHT(H57,LEN(H57)-32),LEN(RIGHT(H57,LEN(H57)-32))-17),"") -> 1Ysqk608y9XWGZ5GwRGfei6JM4X_z2djQ | H57: https://drive.google.com/file/d/1Ysqk608y9XWGZ5GwRGfei6JM4X_z2djQ/view?usp=sharing
B58: 4.4 | C58: =B58&E58 -> 4.4Phon | D58: ɪts jʊr tɜ:rn tu: ma:p ðə flɔ:r | E58: Phon | F58: =IF(G58="","","https://docs.google.com/uc?export=download&id="&G58) | G58: =IFERROR(LEFT(RIGHT(H58,LEN(H58)-32),LEN(RIGHT(H58,LEN(H58)-32))-17),"")
B59: 4.5 | C59: =B59&E59 -> 4.5Viet | D59: Đến lượt em giặt đồ. | E59: Viet | F59: =IF(G59="","","https://docs.google.com/uc?export=download&id="&G59) | G59: =IFERROR(LEFT(RIGHT(H59,LEN(H59)-32),LEN(RIGHT(H59,LEN(H59)-32))-17),"")
A60: 18 | B60: 4.5 | C60: =B60&E60 -> 4.5Eng | D60: It’s your turn to do the laundry. | E60: Eng | F60: =IF(G60="","","https://docs.google.com/uc?export=download&id="&G60) -> https://docs.google.com/uc?export=download&id=1mDQ_WXrwVEegUfubbbcdIn83wkNtrLkl | G60: =IFERROR(LEFT(RIGHT(H60,LEN(H60)-32),LEN(RIGHT(H60,LEN(H60)-32))-17),"") -> 1mDQ_WXrwVEegUfubbbcdIn83wkNtrLkl | H60: https://drive.google.com/file/d/1mDQ_WXrwVEegUfubbbcdIn83wkNtrLkl/view?usp=sharing
B61: 4.5 | C61: =B61&E61 -> 4.5Phon | D61: ɪts jʊr tɜ:rn tu: du: ðə ˈlaːndri | E61: Phon | F61: =IF(G61="","","https://docs.google.com/uc?export=download&id="&G61) | G61: =IFERROR(LEFT(RIGHT(H61,LEN(H61)-32),LEN(RIGHT(H61,LEN(H61)-32))-17),"")
B62: 5 | C62: =B62&E62 -> 5Struc | D62: S + TO BE ALMOST OUT OF + N /Gần hết cái gì đó/ | E62: Struc | F62: =IF(G62="","","https://docs.google.com/uc?export=download&id="&G62) | G62: =IFERROR(LEFT(RIGHT(H62,LEN(H62)-32),LEN(RIGHT(H62,LEN(H62)-32))-17),"")
B63: 5.1 | C63: =B63&E63 -> 5.1Viet | D63: Chúng ta gần hết kem đánh răng rồi. | E63: Viet | F63: =IF(G63="","","https://docs.google.com/uc?export=download&id="&G63) | G63: =IFERROR(LEFT(RIGHT(H63,LEN(H63)-32),LEN(RIGHT(H63,LEN(H63)-32))-17),"")
A64: 19 | B64: 5.1 | C64: =B64&E64 -> 5.1Eng | D64: We’re almost out of toothpaste. | E64: Eng | F64: =IF(G64="","","https://docs.google.com/uc?export=download&id="&G64) -> https://docs.google.com/uc?export=download&id=1WvpeOQQZyGQrbpSpngApp4J7-9sreG5v | G64: =IFERROR(LEFT(RIGHT(H64,LEN(H64)-32),LEN(RIGHT(H64,LEN(H64)-32))-17),"") -> 1WvpeOQQZyGQrbpSpngApp4J7-9sreG5v | H64: https://drive.google.com/file/d/1WvpeOQQZyGQrbpSpngApp4J7-9sreG5v/view?usp=sharing
B65: 5.1 | C65: =B65&E65 -> 5.1Phon | D65: wɪr ˈa:lmoʊst aʊt ʌv ˈtu:θpeɪst | E65: Phon | F65: =IF(G65="","","https://docs.google.com/uc?export=download&id="&G65) | G65: =IFERROR(LEFT(RIGHT(H65,LEN(H65)-32),LEN(RIGHT(H65,LEN(H65)-32))-17),"")
B66: 5.2 | C66: =B66&E66 -> 5.2Viet | D66: Chúng ta gần hết muối rồi. | E66: Viet | F66: =IF(G66="","","https://docs.google.com/uc?export=download&id="&G66) | G66: =IFERROR(LEFT(RIGHT(H66,LEN(H66)-32),LEN(RIGHT(H66,LEN(H66)-32))-17),"")
A67: 20 | B67: 5.2 | C67: =B67&E67 -> 5.2Eng | D67: We’re almost out of salt. | E67: Eng | F67: =IF(G67="","","https://docs.google.com/uc?export=download&id="&G67) -> https://docs.google.com/uc?export=download&id=1QJqf8HdWqsdgZdYfv7MHDCs55RRqf3-g | G67: =IFERROR(LEFT(RIGHT(H67,LEN(H67)-32),LEN(RIGHT(H67,LEN(H67)-32))-17),"") -> 1QJqf8HdWqsdgZdYfv7MHDCs55RRqf3-g | H67: https://drive.google.com/file/d/1QJqf8HdWqsdgZdYfv7MHDCs55RRqf3-g/view?usp=sharing
B68: 5.2 | C68: =B68&E68 -> 5.2Phon | D68: wɪr ˈa:lmoʊst aʊt ʌv saːlt | E68: Phon | F68: =IF(G68="","","https://docs.google.com/uc?export=download&id="&G68) | G68: =IFERROR(LEFT(RIGHT(H68,LEN(H68)-32),LEN(RIGHT(H68,LEN(H68)-32))-17),"")
B69: 5.3 | C69: =B69&E69 -> 5.3Viet | D69: Chúng ta gần hết nước mắm rồi. | E69: Viet | F69: =IF(G69="","","https://docs.google.com/uc?export=download&id="&G69) | G69: =IFERROR(LEFT(RIGHT(H69,LEN(H69)-32),LEN(RIGHT(H69,LEN(H69)-32))-17),"")
A70: 21 | B70: 5.3 | C70: =B70&E70 -> 5.3Eng | D70: We’re almost out of fish sauce. | E70: Eng | F70: =IF(G70="","","https://docs.google.com/uc?export=download&id="&G70) -> https://docs.google.com/uc?export=download&id=1NtQ4ZGBV9JHqBOCLhc2KI0dQWTb_hkbd | G70: =IFERROR(LEFT(RIGHT(H70,LEN(H70)-32),LEN(RIGHT(H70,LEN(H70)-32))-17),"") -> 1NtQ4ZGBV9JHqBOCLhc2KI0dQWTb_hkbd | H70: https://drive.google.com/file/d/1NtQ4ZGBV9JHqBOCLhc2KI0dQWTb_hkbd/view?usp=sharing
B71: 5.3 | C71: =B71&E71 -> 5.3Phon | D71: wɪr ˈa:lmoʊst aʊt ʌv fɪʃ sɔːs | E71: Phon | F71: =IF(G71="","","https://docs.google.com/uc?export=download&id="&G71) | G71: =IFERROR(LEFT(RIGHT(H71,LEN(H71)-32),LEN(RIGHT(H71,LEN(H71)-32))-17),"")
B72: 5.4 | C72: =B72&E72 -> 5.4Viet | D72: Chúng ta gần hết giấy vệ sinh rồi. | E72: Viet | F72: =IF(G72="","","https://docs.google.com/uc?export=download&id="&G72) | G72: =IFERROR(LEFT(RIGHT(H72,LEN(H72)-32),LEN(RIGHT(H72,LEN(H72)-32))-17),"")
A73: 22 | B73: 5.4 | C73: =B73&E73 -> 5.4Eng | D73: We’re almost out of toilet paper. | E73: Eng | F73: =IF(G73="","","https://docs.google.com/uc?export=download&id="&G73) -> https://docs.google.com/uc?export=download&id=1O04orj2O75hH7wv-4gfM2W-2mlodkXse | G73: =IFERROR(LEFT(RIGHT(H73,LEN(H73)-32),LEN(RIGHT(H73,LEN(H73)-32))-17),"") -> 1O04orj2O75hH7wv-4gfM2W-2mlodkXse | H73: https://drive.google.com/file/d/1O04orj2O75hH7wv-4gfM2W-2mlodkXse/view?usp=sharing
B74: 5.4 | C74: =B74&E74 -> 5.4Phon | D74: wɪr ˈa:lmoʊst aʊt ʌv ˈtɔɪlət ˈpeɪpər | E74: Phon | F74: =IF(G74="","","https://docs.google.com/uc?export=download&id="&G74) | G74: =IFERROR(LEFT(RIGHT(H74,LEN(H74)-32),LEN(RIGHT(H74,LEN(H74)-32))-17),"")
B75: 6 | C75: =B75&E75 -> 6Struc | D75: S + DON’T/DOESN’T FEEL LIKE + V-ING… /Không muốn làm gì đó/ | E75: Struc | F75: =IF(G75="","","https://docs.google.com/uc?export=download&id="&G75) | G75: =IFERROR(LEFT(RIGHT(H75,LEN(H75)-32),LEN(RIGHT(H75,LEN(H75)-32))-17),"")
B76: 6.1 | C76: =B76&E76 -> 6.1Viet | D76: Tối nay em không muốn nấu ăn. | E76: Viet | F76: =IF(G76="","","https://docs.google.com/uc?export=download&id="&G76) | G76: =IFERROR(LEFT(RIGHT(H76,LEN(H76)-32),LEN(RIGHT(H76,LEN(H76)-32))-17),"")
A77: 23 | B77: 6.1 | C77: =B77&E77 -> 6.1Eng | D77: I don’t feel like cooking tonight. | E77: Eng | F77: =IF(G77="","","https://docs.google.com/uc?export=download&id="&G77) -> https://docs.google.com/uc?export=download&id=1M9lf3OdKptlmxQu9QvOltuyukcyFqb8Z | G77: =IFERROR(LEFT(RIGHT(H77,LEN(H77)-32),LEN(RIGHT(H77,LEN(H77)-32))-17),"") -> 1M9lf3OdKptlmxQu9QvOltuyukcyFqb8Z | H77: https://drive.google.com/file/d/1M9lf3OdKptlmxQu9QvOltuyukcyFqb8Z/view?usp=sharing
B78: 6.1 | C78: =B78&E78 -> 6.1Phon | D78: aɪ doʊnt fi:l laɪk ˈkʊkɪŋ təˈnaɪt | E78: Phon | F78: =IF(G78="","","https://docs.google.com/uc?export=download&id="&G78) | G78: =IFERROR(LEFT(RIGHT(H78,LEN(H78)-32),LEN(RIGHT(H78,LEN(H78)-32))-17),"")
B79: 6.2 | C79: =B79&E79 -> 6.2Viet | D79: Hôm nay em không muốn làm gì cả. | E79: Viet | F79: =IF(G79="","","https://docs.google.com/uc?export=download&id="&G79) | G79: =IFERROR(LEFT(RIGHT(H79,LEN(H79)-32),LEN(RIGHT(H79,LEN(H79)-32))-17),"")
A80: 24 | B80: 6.2 | C80: =B80&E80 -> 6.2Eng | D80: I don’t feel like doing anything today. | E80: Eng | F80: =IF(G80="","","https://docs.google.com/uc?export=download&id="&G80) -> https://docs.google.com/uc?export=download&id=1PzTlZOBZqm5Aul-7lINgCjDC7gmhDi3u | G80: =IFERROR(LEFT(RIGHT(H80,LEN(H80)-32),LEN(RIGHT(H80,LEN(H80)-32))-17),"") -> 1PzTlZOBZqm5Aul-7lINgCjDC7gmhDi3u | H80: https://drive.google.com/file/d/1PzTlZOBZqm5Aul-7lINgCjDC7gmhDi3u/view?usp=sharing
B81: 6.2 | C81: =B81&E81 -> 6.2Phon | D81: aɪ doʊnt fi:l laɪk ˈdu:ɪŋ ˈɛniθɪŋ təˈdeɪ | E81: Phon | F81: =IF(G81="","","https://docs.google.com/uc?export=download&id="&G81) | G81: =IFERROR(LEFT(RIGHT(H81,LEN(H81)-32),LEN(RIGHT(H81,LEN(H81)-32))-17),"")
B82: 6.3 | C82: =B82&E82 -> 6.3Viet | D82: Tối nay em không muốn ăn. | E82: Viet | F82: =IF(G82="","","https://docs.google.com/uc?export=download&id="&G82) | G82: =IFERROR(LEFT(RIGHT(H82,LEN(H82)-32),LEN(RIGHT(H82,LEN(H82)-32))-17),"")
A83: 25 | B83: 6.3 | C83: =B83&E83 -> 6.3Eng | D83: I don’t feel like eating tonight. | E83: Eng | F83: =IF(G83="","","https://docs.google.com/uc?export=download&id="&G83) -> https://docs.google.com/uc?export=download&id=1GLUtk4k8d9VJTp_JMi2GzGhbV2Symurq | G83: =IFERROR(LEFT(RIGHT(H83,LEN(H83)-32),LEN(RIGHT(H83,LEN(H83)-32))-17),"") -> 1GLUtk4k8d9VJTp_JMi2GzGhbV2Symurq | H83: https://drive.google.com/file/d/1GLUtk4k8d9VJTp_JMi2GzGhbV2Symurq/view?usp=sharing
B84: 6.3 | C84: =B84&E84 -> 6.3Phon | D84: aɪ doʊnt fi:l laɪk ˈi:tɪŋ təˈnaɪt | E84: Phon | F84: =IF(G84="","","https://docs.google.com/uc?export=download&id="&G84) | G84: =IFERROR(LEFT(RIGHT(H84,LEN(H84)-32),LEN(RIGHT(H84,LEN(H84)-32))-17),"")
B85: 6.4 | C85: =B85&E85 -> 6.4Viet | D85: Anh ấy không muốn đi ra ngoài vào tối nay. | E85: Viet | F85: =IF(G85="","","https://docs.google.com/uc?export=download&id="&G85) | G85: =IFERROR(LEFT(RIGHT(H85,LEN(H85)-32),LEN(RIGHT(H85,LEN(H85)-32))-17),"")
A86: 26 | B86: 6.4 | C86: =B86&E86 -> 6.4Eng | D86: He doesn’t feel like going out tonight. | E86: Eng | F86: =IF(G86="","","https://docs.google.com/uc?export=download&id="&G86) -> https://docs.google.com/uc?export=download&id=1EtkXwkNT-X0oZ5qA4w8KLTuMG1bg1SO6 | G86: =IFERROR(LEFT(RIGHT(H86,LEN(H86)-32),LEN(RIGHT(H86,LEN(H86)-32))-17),"") -> 1EtkXwkNT-X0oZ5qA4w8KLTuMG1bg1SO6 | H86: https://drive.google.com/file/d/1EtkXwkNT-X0oZ5qA4w8KLTuMG1bg1SO6/view?usp=sharing
B87: 6.4 | C87: =B87&E87 -> 6.4Phon | D87: hi: ˈdʌzənt fi:l laɪk ˈgoʊɪŋ aʊt təˈnaɪt | E87: Phon | F87: =IF(G87="","","https://docs.google.com/uc?export=download&id="&G87) | G87: =IFERROR(LEFT(RIGHT(H87,LEN(H87)-32),LEN(RIGHT(H87,LEN(H87)-32))-17),"")
B88: 7 | C88: =B88&E88 -> 7Struc | D88: DO YOU FEEL LIKE TRYING...? /Em có muốn thử.../ | E88: Struc | F88: =IF(G88="","","https://docs.google.com/uc?export=download&id="&G88) | G88: =IFERROR(LEFT(RIGHT(H88,LEN(H88)-32),LEN(RIGHT(H88,LEN(H88)-32))-17),"")
B89: 7.1 | C89: =B89&E89 -> 7.1Viet | D89: Em có muốn thử ăn hàng rong không? | E89: Viet | F89: =IF(G89="","","https://docs.google.com/uc?export=download&id="&G89) | G89: =IFERROR(LEFT(RIGHT(H89,LEN(H89)-32),LEN(RIGHT(H89,LEN(H89)-32))-17),"")
A90: 27 | B90: 7.1 | C90: =B90&E90 -> 7.1Eng | D90: Do you feel like trying some vendor food? | E90: Eng | F90: =IF(G90="","","https://docs.google.com/uc?export=download&id="&G90) -> https://docs.google.com/uc?export=download&id=10ZsUs4hoFuTC4muY_TccrHmIP40m6kPO | G90: =IFERROR(LEFT(RIGHT(H90,LEN(H90)-32),LEN(RIGHT(H90,LEN(H90)-32))-17),"") -> 10ZsUs4hoFuTC4muY_TccrHmIP40m6kPO | H90: https://drive.google.com/file/d/10ZsUs4hoFuTC4muY_TccrHmIP40m6kPO/view?usp=sharing
B91: 7.1 | C91: =B91&E91 -> 7.1Phon | D91: du: ju: fi:l laɪk ˈtraɪɪŋ sʌm ˈvɛndər fu:d | E91: Phon | F91: =IF(G91="","","https://docs.google.com/uc?export=download&id="&G91) | G91: =IFERROR(LEFT(RIGHT(H91,LEN(H91)-32),LEN(RIGHT(H91,LEN(H91)-32))-17),"")
B92: 7.2 | C92: =B92&E92 -> 7.2Viet | D92: Anh có muốn thử cái gì đó mới không? | E92: Viet | F92: =IF(G92="","","https://docs.google.com/uc?export=download&id="&G92) | G92: =IFERROR(LEFT(RIGHT(H92,LEN(H92)-32),LEN(RIGHT(H92,LEN(H92)-32))-17),"")
A93: 28 | B93: 7.2 | C93: =B93&E93 -> 7.2Eng | D93: Do you feel like trying something new? | E93: Eng | F93: =IF(G93="","","https://docs.google.com/uc?export=download&id="&G93) -> https://docs.google.com/uc?export=download&id=1n6Yun3uL7YDvei7GgizFwmVM9xI7diEm | G93: =IFERROR(LEFT(RIGHT(H93,LEN(H93)-32),LEN(RIGHT(H93,LEN(H93)-32))-17),"") -> 1n6Yun3uL7YDvei7GgizFwmVM9xI7diEm | H93: https://drive.google.com/file/d/1n6Yun3uL7YDvei7GgizFwmVM9xI7diEm/view?usp=sharing
B94: 7.2 | C94: =B94&E94 -> 7.2Phon | D94: du: ju: fi:l laɪk ˈtraɪɪŋ ˈsʌmθɪŋ nu: | E94: Phon | F94: =IF(G94="","","https://docs.google.com/uc?export=download&id="&G94) | G94: =IFERROR(LEFT(RIGHT(H94,LEN(H94)-32),LEN(RIGHT(H94,LEN(H94)-32))-17),"")
B95: 7.3 | C95: =B95&E95 -> 7.3Viet | D95: Bạn có muốn thử màu khác không? | E95: Viet | F95: =IF(G95="","","https://docs.google.com/uc?export=download&id="&G95) | G95: =IFERROR(LEFT(RIGHT(H95,LEN(H95)-32),LEN(RIGHT(H95,LEN(H95)-32))-17),"")
A96: 29 | B96: 7.3 | C96: =B96&E96 -> 7.3Eng | D96: Do you feel like trying different color? | E96: Eng | F96: =IF(G96="","","https://docs.google.com/uc?export=download&id="&G96) -> https://docs.google.com/uc?export=download&id=1xgl9N_RU2r8Ab0d00xmjEQsvo5Bn5W8i | G96: =IFERROR(LEFT(RIGHT(H96,LEN(H96)-32),LEN(RIGHT(H96,LEN(H96)-32))-17),"") -> 1xgl9N_RU2r8Ab0d00xmjEQsvo5Bn5W8i | H96: https://drive.google.com/file/d/1xgl9N_RU2r8Ab0d00xmjEQsvo5Bn5W8i/view?usp=sharing
B97: 7.3 | C97: =B97&E97 -> 7.3Phon | D97: du: ju: fi:l laɪk ˈtraɪɪŋ ˈdɪfərənt ˈkʌlər | E97: Phon | F97: =IF(G97="","","https://docs.google.com/uc?export=download&id="&G97) | G97: =IFERROR(LEFT(RIGHT(H97,LEN(H97)-32),LEN(RIGHT(H97,LEN(H97)-32))-17),"")
B98: 7.4 | C98: =B98&E98 -> 7.4Viet | D98: Em có muốn thử món khác không? | E98: Viet | F98: =IF(G98="","","https://docs.google.com/uc?export=download&id="&G98) | G98: =IFERROR(LEFT(RIGHT(H98,LEN(H98)-32),LEN(RIGHT(H98,LEN(H98)-32))-17),"")
A99: 30 | B99: 7.4 | C99: =B99&E99 -> 7.4Eng | D99: Do you feel like trying different dish? | E99: Eng | F99: =IF(G99="","","https://docs.google.com/uc?export=download&id="&G99) -> https://docs.google.com/uc?export=download&id=15z_jqzpC4BFyPGxMuloQcG3sXCWaBgBv | G99: =IFERROR(LEFT(RIGHT(H99,LEN(H99)-32),LEN(RIGHT(H99,LEN(H99)-32))-17),"") -> 15z_jqzpC4BFyPGxMuloQcG3sXCWaBgBv | H99: https://drive.google.com/file/d/15z_jqzpC4BFyPGxMuloQcG3sXCWaBgBv/view?usp=sharing
B100: 7.4 | C100: =B100&E100 -> 7.4Phon | D100: du: ju: fi:l laɪk ˈtraɪɪŋ ˈdɪfərənt dɪʃ | E100: Phon | F100: =IF(G100="","","https://docs.google.com/uc?export=download&id="&G100) | G100: =IFERROR(LEFT(RIGHT(H100,LEN(H100)-32),LEN(RIGHT(H100,LEN(H100)-32))-17),"")
B101: 8 | C101: =B101&E101 -> 8Struc | D101: S + STILL HAVE/HAS ROOM FOR... /Ai vẫn còn chỗ/vẫn còn bụng cho…/ | E101: Struc | F101: =IF(G101="","","https://docs.google.com/uc?export=download&id="&G101) | G101: =IFERROR(LEFT(RIGHT(H101,LEN(H101)-32),LEN(RIGHT(H101,LEN(H101)-32))-17),"")
...

Sheet Viet
B2: Sentence | C2: Link | D2: ID | E2: Copy Google drive to …
B3: 01-05 | C3: =IF(D3="","","https://docs.google.com/uc?export=download&id="&D3) -> https://docs.google.com/uc?export=download&id=1LKgh_q2mt_AZMy1WT6LYZlYzAit_8BdL | D3: =IFERROR(LEFT(RIGHT(E3,LEN(E3)-32),LEN(RIGHT(E3,LEN(E3)-32))-17),"") -> 1LKgh_q2mt_AZMy1WT6LYZlYzAit_8BdL | E3: https://drive.google.com/file/d/1LKgh_q2mt_AZMy1WT6LYZlYzAit_8BdL/view?usp=sharing
B4: 06-09 | C4: =IF(D4="","","https://docs.google.com/uc?export=download&id="&D4) -> https://docs.google.com/uc?export=download&id=1DSjExOEA3oqHmLgEnME5-urB9iOR9874 | D4: =IFERROR(LEFT(RIGHT(E4,LEN(E4)-32),LEN(RIGHT(E4,LEN(E4)-32))-17),"") -> 1DSjExOEA3oqHmLgEnME5-urB9iOR9874 | E4: https://drive.google.com/file/d/1DSjExOEA3oqHmLgEnME5-urB9iOR9874/view?usp=sharing
B5: 01-09 | C5: =IF(D5="","","https://docs.google.com/uc?export=download&id="&D5) -> https://docs.google.com/uc?export=download&id=1v-P7zZ-ycJFQSn_ZrN3BGTr1nQda6NeA | D5: =IFERROR(LEFT(RIGHT(E5,LEN(E5)-32),LEN(RIGHT(E5,LEN(E5)-32))-17),"") -> 1v-P7zZ-ycJFQSn_ZrN3BGTr1nQda6NeA | E5: https://drive.google.com/file/d/1v-P7zZ-ycJFQSn_ZrN3BGTr1nQda6NeA/view?usp=sharing
C6: =IF(D6="","","https://docs.google.com/uc?export=download&id="&D6) | D6: =IFERROR(LEFT(RIGHT(E6,LEN(E6)-32),LEN(RIGHT(E6,LEN(E6)-32))-17),"")
C7: =IF(D7="","","https://docs.google.com/uc?export=download&id="&D7) | D7: =IFERROR(LEFT(RIGHT(E7,LEN(E7)-32),LEN(RIGHT(E7,LEN(E7)-32))-17),"")

Sheet Sum
B2: Sentence | C2: Link | D2: ID | E2: Copy Google drive to …
B3: Woman | C3: =IF(D3="","","https://docs.google.com/uc?export=download&id="&D3) | D3: =IFERROR(LEFT(RIGHT(E3,LEN(E3)-32),LEN(RIGHT(E3,LEN(E3)-32))-17),"")
B4: Man | C4: =IF(D4="","","https://docs.google.com/uc?export=download&id="&D4) | D4: =IFERROR(LEFT(RIGHT(E4,LEN(E4)-32),LEN(RIGHT(E4,LEN(E4)-32))-17),"")

Sheet Ramdom
B1: From | C1: 23
B2: To | C2: 37
C3: No | D3: No | E3: Viet | F3: Eng
A4: =C1 -> 23 | B4: =IF(A4="","",RANDBETWEEN($C$1,$C$2)) -> 23 | C4: =IFERROR($C$1-1+_xlfn.RANK.EQ(B4,$B$4:$B$40)+COUNTIF(B$4:$B4,B4)-1,"") -> 37 | D4: =IFERROR(VLOOKUP(C4,'At Home'!A:B,2,0),"") -> 9.3 | E4: =IFERROR(VLOOKUP(D4&"Viet",'At Home'!C:D,2,0),"") -> Dường như anh có vẻ cáu giận, có chuyện gì hả? | F4: =IFERROR(VLOOKUP(D4&"Eng",'At Home'!C:D,2,0),"") -> You seem angry, has something happened?
A5: =IFERROR(IF(A4+1>$C$2,"",A4+1),"") -> 24 | B5: =IF(A5="","",RANDBETWEEN($C$1,$C$2)) -> 33 | C5: =IFERROR($C$1-1+_xlfn.RANK.EQ(B5,$B$4:$B$40)+COUNTIF(B$4:$B5,B5)-1,"") -> 27 | D5: =IFERROR(VLOOKUP(C5,'At Home'!A:B,2,0),"") -> 7.1 | E5: =IFERROR(VLOOKUP(D5&"Viet",'At Home'!C:D,2,0),"") -> Em có muốn thử ăn hàng rong không? | F5: =IFERROR(VLOOKUP(D5&"Eng",'At Home'!C:D,2,0),"") -> Do you feel like trying some vendor food?
A6: =IFERROR(IF(A5+1>$C$2,"",A5+1),"") -> 25 | B6: =IF(A6="","",RANDBETWEEN($C$1,$C$2)) -> 25 | C6: =IFERROR($C$1-1+_xlfn.RANK.EQ(B6,$B$4:$B$40)+COUNTIF(B$4:$B6,B6)-1,"") -> 33 | D6: =IFERROR(VLOOKUP(C6,'At Home'!A:B,2,0),"") -> 8.3 | E6: =IFERROR(VLOOKUP(D6&"Viet",'At Home'!C:D,2,0),"") -> Anh còn bụng cho bữa tối không? | F6: =IFERROR(VLOOKUP(D6&"Eng",'At Home'!C:D,2,0),"") -> Do you still have room for dinner?
A7: =IFERROR(IF(A6+1>$C$2,"",A6+1),"") -> 26 | B7: =IF(A7="","",RANDBETWEEN($C$1,$C$2)) -> 34 | C7: =IFERROR($C$1-1+_xlfn.RANK.EQ(B7,$B$4:$B$40)+COUNTIF(B$4:$B7,B7)-1,"") -> 26 | D7: =IFERROR(VLOOKUP(C7,'At Home'!A:B,2,0),"") -> 6.4 | E7: =IFERROR(VLOOKUP(D7&"Viet",'At Home'!C:D,2,0),"") -> Anh ấy không muốn đi ra ngoài vào tối nay. | F7: =IFERROR(VLOOKUP(D7&"Eng",'At Home'!C:D,2,0),"") -> He doesn’t feel like going out tonight.
A8: =IFERROR(IF(A7+1>$C$2,"",A7+1),"") -> 27 | B8: =IF(A8="","",RANDBETWEEN($C$1,$C$2)) -> 31 | C8: =IFERROR($C$1-1+_xlfn.RANK.EQ(B8,$B$4:$B$40)+COUNTIF(B$4:$B8,B8)-1,"") -> 28 | D8: =IFERROR(VLOOKUP(C8,'At Home'!A:B,2,0),"") -> 7.2 | E8: =IFERROR(VLOOKUP(D8&"Viet",'At Home'!C:D,2,0),"") -> Anh có muốn thử cái gì đó mới không? | F8: =IFERROR(VLOOKUP(D8&"Eng",'At Home'!C:D,2,0),"") -> Do you feel like trying something new?
A9: =IFERROR(IF(A8+1>$C$2,"",A8+1),"") -> 28 | B9: =IF(A9="","",RANDBETWEEN($C$1,$C$2)) -> 26 | C9: =IFERROR($C$1-1+_xlfn.RANK.EQ(B9,$B$4:$B$40)+COUNTIF(B$4:$B9,B9)-1,"") -> 31 | D9: =IFERROR(VLOOKUP(C9,'At Home'!A:B,2,0),"") -> 8.1 | E9: =IFERROR(VLOOKUP(D9&"Viet",'At Home'!C:D,2,0),"") -> Con vẫn còn bụng để ăn mấy miếng gà rút xương. | F9: =IFERROR(VLOOKUP(D9&"Eng",'At Home'!C:D,2,0),"") -> I still have room for chicken nuggets.
A10: =IFERROR(IF(A9+1>$C$2,"",A9+1),"") -> 29 | B10: =IF(A10="","",RANDBETWEEN($C$1,$C$2)) -> 27 | C10: =IFERROR($C$1-1+_xlfn.RANK.EQ(B10,$B$4:$B$40)+COUNTIF(B$4:$B10,B10)-1,"") -> 30 | D10: =IFERROR(VLOOKUP(C10,'At Home'!A:B,2,0),"") -> 7.4 | E10: =IFERROR(VLOOKUP(D10&"Viet",'At Home'!C:D,2,0),"") -> Em có muốn thử món khác không? | F10: =IFERROR(VLOOKUP(D10&"Eng",'At Home'!C:D,2,0),"") -> Do you feel like trying different dish?
A11: =IFERROR(IF(A10+1>$C$2,"",A10+1),"") -> 30 | B11: =IF(A11="","",RANDBETWEEN($C$1,$C$2)) -> 35 | C11: =IFERROR($C$1-1+_xlfn.RANK.EQ(B11,$B$4:$B$40)+COUNTIF(B$4:$B11,B11)-1,"") -> 25 | D11: =IFERROR(VLOOKUP(C11,'At Home'!A:B,2,0),"") -> 6.3 | E11: =IFERROR(VLOOKUP(D11&"Viet",'At Home'!C:D,2,0),"") -> Tối nay em không muốn ăn. | F11: =IFERROR(VLOOKUP(D11&"Eng",'At Home'!C:D,2,0),"") -> I don’t feel like eating tonight.
A12: =IFERROR(IF(A11+1>$C$2,"",A11+1),"") -> 31 | B12: =IF(A12="","",RANDBETWEEN($C$1,$C$2)) -> 37 | C12: =IFERROR($C$1-1+_xlfn.RANK.EQ(B12,$B$4:$B$40)+COUNTIF(B$4:$B12,B12)-1,"") -> 23 | D12: =IFERROR(VLOOKUP(C12,'At Home'!A:B,2,0),"") -> 6.1 | E12: =IFERROR(VLOOKUP(D12&"Viet",'At Home'!C:D,2,0),"") -> Tối nay em không muốn nấu ăn. | F12: =IFERROR(VLOOKUP(D12&"Eng",'At Home'!C:D,2,0),"") -> I don’t feel like cooking tonight.
A13: =IFERROR(IF(A12+1>$C$2,"",A12+1),"") -> 32 | B13: =IF(A13="","",RANDBETWEEN($C$1,$C$2)) -> 36 | C13: =IFERROR($C$1-1+_xlfn.RANK.EQ(B13,$B$4:$B$40)+COUNTIF(B$4:$B13,B13)-1,"") -> 24 | D13: =IFERROR(VLOOKUP(C13,'At Home'!A:B,2,0),"") -> 6.2 | E13: =IFERROR(VLOOKUP(D13&"Viet",'At Home'!C:D,2,0),"") -> Hôm nay em không muốn làm gì cả. | F13: =IFERROR(VLOOKUP(D13&"Eng",'At Home'!C:D,2,0),"") -> I don’t feel like doing anything today.
A14: =IFERROR(IF(A13+1>$C$2,"",A13+1),"") -> 33 | B14: =IF(A14="","",RANDBETWEEN($C$1,$C$2)) -> 26 | C14: =IFERROR($C$1-1+_xlfn.RANK.EQ(B14,$B$4:$B$40)+COUNTIF(B$4:$B14,B14)-1,"") -> 32 | D14: =IFERROR(VLOOKUP(C14,'At Home'!A:B,2,0),"") -> 8.2 | E14: =IFERROR(VLOOKUP(D14&"Viet",'At Home'!C:D,2,0),"") -> Em vẫn còn bụng cho bữa trưa. | F14: =IFERROR(VLOOKUP(D14&"Eng",'At Home'!C:D,2,0),"") -> I still have room for lunch.
A15: =IFERROR(IF(A14+1>$C$2,"",A14+1),"") -> 34 | B15: =IF(A15="","",RANDBETWEEN($C$1,$C$2)) -> 24 | C15: =IFERROR($C$1-1+_xlfn.RANK.EQ(B15,$B$4:$B$40)+COUNTIF(B$4:$B15,B15)-1,"") -> 34 | D15: =IFERROR(VLOOKUP(C15,'At Home'!A:B,2,0),"") -> 8.4 | E15: =IFERROR(VLOOKUP(D15&"Viet",'At Home'!C:D,2,0),"") -> Tôi no rồi, nhưng vẫn còn bụng cho khoai tây chiên. | F15: =IFERROR(VLOOKUP(D15&"Eng",'At Home'!C:D,2,0),"") -> I’m full but I still have room for chips. | K15: 4
A16: =IFERROR(IF(A15+1>$C$2,"",A15+1),"") -> 35 | B16: =IF(A16="","",RANDBETWEEN($C$1,$C$2)) -> 24 | C16: =IFERROR($C$1-1+_xlfn.RANK.EQ(B16,$B$4:$B$40)+COUNTIF(B$4:$B16,B16)-1,"") -> 35 | D16: =IFERROR(VLOOKUP(C16,'At Home'!A:B,2,0),"") -> 9.1 | E16: =IFERROR(VLOOKUP(D16&"Viet",'At Home'!C:D,2,0),"") -> Dường như anh có vẻ đau buồn, có chuyện gì sao? | F16: =IFERROR(VLOOKUP(D16&"Eng",'At Home'!C:D,2,0),"") -> You seem upset, has something happened?
A17: =IFERROR(IF(A16+1>$C$2,"",A16+1),"") -> 36 | B17: =IF(A17="","",RANDBETWEEN($C$1,$C$2)) -> 24 | C17: =IFERROR($C$1-1+_xlfn.RANK.EQ(B17,$B$4:$B$40)+COUNTIF(B$4:$B17,B17)-1,"") -> 36 | D17: =IFERROR(VLOOKUP(C17,'At Home'!A:B,2,0),"") -> 9.2 | E17: =IFERROR(VLOOKUP(D17&"Viet",'At Home'!C:D,2,0),"") -> Dường như anh lo lắng, có chuyện gì sao? | F17: =IFERROR(VLOOKUP(D17&"Eng",'At Home'!C:D,2,0),"") -> You seem agitated, has something happened? | L17: 4
A18: =IFERROR(IF(A17+1>$C$2,"",A17+1),"") -> 37 | B18: =IF(A18="","",RANDBETWEEN($C$1,$C$2)) -> 30 | C18: =IFERROR($C$1-1+_xlfn.RANK.EQ(B18,$B$4:$B$40)+COUNTIF(B$4:$B18,B18)-1,"") -> 29 | D18: =IFERROR(VLOOKUP(C18,'At Home'!A:B,2,0),"") -> 7.3 | E18: =IFERROR(VLOOKUP(D18&"Viet",'At Home'!C:D,2,0),"") -> Bạn có muốn thử màu khác không? | F18: =IFERROR(VLOOKUP(D18&"Eng",'At Home'!C:D,2,0),"") -> Do you feel like trying different color? | M18: k
A19: =IFERROR(IF(A18+1>$C$2,"",A18+1),"") | B19: =IF(A19="","",RANDBETWEEN($C$1,$C$2)) | C19: =IFERROR($C$1-1+_xlfn.RANK.EQ(B19,$B$4:$B$40)+COUNTIF(B$4:$B19,B19)-1,"") | D19: =IFERROR(VLOOKUP(C19,'At Home'!A:B,2,0),"") | E19: =IFERROR(VLOOKUP(D19&"Viet",'At Home'!C:D,2,0),"") | F19: =IFERROR(VLOOKUP(D19&"Eng",'At Home'!C:D,2,0),"") | L19: p
A20: =IFERROR(IF(A19+1>$C$2,"",A19+1),"") | B20: =IF(A20="","",RANDBETWEEN($C$1,$C$2)) | C20: =IFERROR($C$1-1+_xlfn.RANK.EQ(B20,$B$4:$B$40)+COUNTIF(B$4:$B20,B20)-1,"") | D20: =IFERROR(VLOOKUP(C20,'At Home'!A:B,2,0),"") | E20: =IFERROR(VLOOKUP(D20&"Viet",'At Home'!C:D,2,0),"") | F20: =IFERROR(VLOOKUP(D20&"Eng",'At Home'!C:D,2,0),"")
A21: =IFERROR(IF(A20+1>$C$2,"",A20+1),"") | B21: =IF(A21="","",RANDBETWEEN($C$1,$C$2)) | C21: =IFERROR($C$1-1+_xlfn.RANK.EQ(B21,$B$4:$B$40)+COUNTIF(B$4:$B21,B21)-1,"") | D21: =IFERROR(VLOOKUP(C21,'At Home'!A:B,2,0),"") | E21: =IFERROR(VLOOKUP(D21&"Viet",'At Home'!C:D,2,0),"") | F21: =IFERROR(VLOOKUP(D21&"Eng",'At Home'!C:D,2,0),"")
A22: =IFERROR(IF(A21+1>$C$2,"",A21+1),"") | B22: =IF(A22="","",RANDBETWEEN($C$1,$C$2)) | C22: =IFERROR($C$1-1+_xlfn.RANK.EQ(B22,$B$4:$B$40)+COUNTIF(B$4:$B22,B22)-1,"") | D22: =IFERROR(VLOOKUP(C22,'At Home'!A:B,2,0),"") | E22: =IFERROR(VLOOKUP(D22&"Viet",'At Home'!C:D,2,0),"") | F22: =IFERROR(VLOOKUP(D22&"Eng",'At Home'!C:D,2,0),"")
A23: =IFERROR(IF(A22+1>$C$2,"",A22+1),"") | B23: =IF(A23="","",RANDBETWEEN($C$1,$C$2)) | C23: =IFERROR($C$1-1+_xlfn.RANK.EQ(B23,$B$4:$B$40)+COUNTIF(B$4:$B23,B23)-1,"") | D23: =IFERROR(VLOOKUP(C23,'At Home'!A:B,2,0),"") | E23: =IFERROR(VLOOKUP(D23&"Viet",'At Home'!C:D,2,0),"") | F23: =IFERROR(VLOOKUP(D23&"Eng",'At Home'!C:D,2,0),"")
A24: =IFERROR(IF(A23+1>$C$2,"",A23+1),"") | B24: =IF(A24="","",RANDBETWEEN($C$1,$C$2)) | C24: =IFERROR($C$1-1+_xlfn.RANK.EQ(B24,$B$4:$B$40)+COUNTIF(B$4:$B24,B24)-1,"") | D24: =IFERROR(VLOOKUP(C24,'At Home'!A:B,2,0),"") | E24: =IFERROR(VLOOKUP(D24&"Viet",'At Home'!C:D,2,0),"") | F24: =IFERROR(VLOOKUP(D24&"Eng",'At Home'!C:D,2,0),"")
A25: =IFERROR(IF(A24+1>$C$2,"",A24+1),"") | B25: =IF(A25="","",RANDBETWEEN($C$1,$C$2)) | C25: =IFERROR($C$1-1+_xlfn.RANK.EQ(B25,$B$4:$B$40)+COUNTIF(B$4:$B25,B25)-1,"") | D25: =IFERROR(VLOOKUP(C25,'At Home'!A:B,2,0),"") | E25: =IFERROR(VLOOKUP(D25&"Viet",'At Home'!C:D,2,0),"") | F25: =IFERROR(VLOOKUP(D25&"Eng",'At Home'!C:D,2,0),"")
A26: =IFERROR(IF(A25+1>$C$2,"",A25+1),"") | B26: =IF(A26="","",RANDBETWEEN($C$1,$C$2)) | C26: =IFERROR($C$1-1+_xlfn.RANK.EQ(B26,$B$4:$B$40)+COUNTIF(B$4:$B26,B26)-1,"") | D26: =IFERROR(VLOOKUP(C26,'At Home'!A:B,2,0),"") | E26: =IFERROR(VLOOKUP(D26&"Viet",'At Home'!C:D,2,0),"") | F26: =IFERROR(VLOOKUP(D26&"Eng",'At Home'!C:D,2,0),"")
A27: =IFERROR(IF(A26+1>$C$2,"",A26+1),"") | B27: =IF(A27="","",RANDBETWEEN($C$1,$C$2)) | C27: =IFERROR($C$1-1+_xlfn.RANK.EQ(B27,$B$4:$B$40)+COUNTIF(B$4:$B27,B27)-1,"") | D27: =IFERROR(VLOOKUP(C27,'At Home'!A:B,2,0),"") | E27: =IFERROR(VLOOKUP(D27&"Viet",'At Home'!C:D,2,0),"") | F27: =IFERROR(VLOOKUP(D27&"Eng",'At Home'!C:D,2,0),"")
A28: =IFERROR(IF(A27+1>$C$2,"",A27+1),"") | B28: =IF(A28="","",RANDBETWEEN($C$1,$C$2)) | C28: =IFERROR($C$1-1+_xlfn.RANK.EQ(B28,$B$4:$B$40)+COUNTIF(B$4:$B28,B28)-1,"") | D28: =IFERROR(VLOOKUP(C28,'At Home'!A:B,2,0),"") | E28: =IFERROR(VLOOKUP(D28&"Viet",'At Home'!C:D,2,0),"") | F28: =IFERROR(VLOOKUP(D28&"Eng",'At Home'!C:D,2,0),"")
A29: =IFERROR(IF(A28+1>$C$2,"",A28+1),"") | B29: =IF(A29="","",RANDBETWEEN($C$1,$C$2)) | C29: =IFERROR($C$1-1+_xlfn.RANK.EQ(B29,$B$4:$B$40)+COUNTIF(B$4:$B29,B29)-1,"") | D29: =IFERROR(VLOOKUP(C29,'At Home'!A:B,2,0),"") | E29: =IFERROR(VLOOKUP(D29&"Viet",'At Home'!C:D,2,0),"") | F29: =IFERROR(VLOOKUP(D29&"Eng",'At Home'!C:D,2,0),"")
A30: =IFERROR(IF(A29+1>$C$2,"",A29+1),"") | B30: =IF(A30="","",RANDBETWEEN($C$1,$C$2)) | C30: =IFERROR($C$1-1+_xlfn.RANK.EQ(B30,$B$4:$B$40)+COUNTIF(B$4:$B30,B30)-1,"") | D30: =IFERROR(VLOOKUP(C30,'At Home'!A:B,2,0),"") | E30: =IFERROR(VLOOKUP(D30&"Viet",'At Home'!C:D,2,0),"") | F30: =IFERROR(VLOOKUP(D30&"Eng",'At Home'!C:D,2,0),"")
A31: =IFERROR(IF(A30+1>$C$2,"",A30+1),"") | B31: =IF(A31="","",RANDBETWEEN($C$1,$C$2)) | C31: =IFERROR($C$1-1+_xlfn.RANK.EQ(B31,$B$4:$B$40)+COUNTIF(B$4:$B31,B31)-1,"") | D31: =IFERROR(VLOOKUP(C31,'At Home'!A:B,2,0),"") | E31: =IFERROR(VLOOKUP(D31&"Viet",'At Home'!C:D,2,0),"") | F31: =IFERROR(VLOOKUP(D31&"Eng",'At Home'!C:D,2,0),"")
... A72: =IFERROR(IF(A71+1>$C$2,"",A71+1),"") | B72: =IF(A72="","",RANDBETWEEN($C$1,$C$2)) | C72: =IFERROR($C$1-1+_xlfn.RANK.EQ(B72,$B$4:$B$40)+COUNTIF(B$4:$B72,B72)-1,"") | D72: =IFERROR(VLOOKUP(C72,'At Home'!A:B,2,0),"") | E72: =IFERROR(VLOOKUP(D72&"Viet",'At Home'!C:D,2,0),"") | F72: =IFERROR(VLOOKUP(D72&"Eng",'At Home'!C:D,2,0),"")
A73: =IFERROR(IF(A72+1>$C$2,"",A72+1),"") | B73: =IF(A73="","",RANDBETWEEN($C$1,$C$2)) | C73: =IFERROR($C$1-1+_xlfn.RANK.EQ(B73,$B$4:$B$40)+COUNTIF(B$4:$B73,B73)-1,"") | D73: =IFERROR(VLOOKUP(C73,'At Home'!A:B,2,0),"")
A74: =IFERROR(IF(A73+1>$C$2,"",A73+1),"") | B74: =IF(A74="","",RANDBETWEEN($C$1,$C$2)) | C74: =IFERROR($C$1-1+_xlfn.RANK.EQ(B74,$B$4:$B$40)+COUNTIF(B$4:$B74,B74)-1,"") | D74: =IFERROR(VLOOKUP(C74,'At Home'!A:B,2,0),"")
A75: =IFERROR(IF(A74+1>$C$2,"",A74+1),"") | B75: =IF(A75="","",RANDBETWEEN($C$1,$C$2)) | C75: =IFERROR($C$1-1+_xlfn.RANK.EQ(B75,$B$4:$B$40)+COUNTIF(B$4:$B75,B75)-1,"") | D75: =IFERROR(VLOOKUP(C75,'At Home'!A:B,2,0),"")
A76: =IFERROR(IF(A75+1>$C$2,"",A75+1),"") | B76: =IF(A76="","",RANDBETWEEN($C$1,$C$2)) | C76: =IFERROR($C$1-1+_xlfn.RANK.EQ(B76,$B$4:$B$40)+COUNTIF(B$4:$B76,B76)-1,"") | D76: =IFERROR(VLOOKUP(C76,'At Home'!A:B,2,0),"")
A77: =IFERROR(IF(A76+1>$C$2,"",A76+1),"") | B77: =IF(A77="","",RANDBETWEEN($C$1,$C$2)) | C77: =IFERROR($C$1-1+_xlfn.RANK.EQ(B77,$B$4:$B$40)+COUNTIF(B$4:$B77,B77)-1,"") | D77: =IFERROR(VLOOKUP(C77,'At Home'!A:B,2,0),"")
A78: =IFERROR(IF(A77+1>$C$2,"",A77+1),"") | B78: =IF(A78="","",RANDBETWEEN($C$1,$C$2)) | C78: =IFERROR($C$1-1+_xlfn.RANK.EQ(B78,$B$4:$B$40)+COUNTIF(B$4:$B78,B78)-1,"") | D78: =IFERROR(VLOOKUP(C78,'At Home'!A:B,2,0),"")
A79: =IFERROR(IF(A78+1>$C$2,"",A78+1),"") | B79: =IF(A79="","",RANDBETWEEN($C$1,$C$2)) | C79: =IFERROR($C$1-1+_xlfn.RANK.EQ(B79,$B$4:$B$40)+COUNTIF(B$4:$B79,B79)-1,"") | D79: =IFERROR(VLOOKUP(C79,'At Home'!A:B,2,0),"")
A80: =IFERROR(IF(A79+1>$C$2,"",A79+1),"") | B80: =IF(A80="","",RANDBETWEEN($C$1,$C$2)) | C80: =IFERROR($C$1-1+_xlfn.RANK.EQ(B80,$B$4:$B$40)+COUNTIF(B$4:$B80,B80)-1,"") | D80: =IFERROR(VLOOKUP(C80,'At Home'!A:B,2,0),"")
A81: =IFERROR(IF(A80+1>$C$2,"",A80+1),"") | B81: =IF(A81="","",RANDBETWEEN($C$1,$C$2)) | C81: =IFERROR($C$1-1+_xlfn.RANK.EQ(B81,$B$4:$B$40)+COUNTIF(B$4:$B81,B81)-1,"") | D81: =IFERROR(VLOOKUP(C81,'At Home'!A:B,2,0),"")
A82: =IFERROR(IF(A81+1>$C$2,"",A81+1),"") | B82: =IF(A82="","",RANDBETWEEN($C$1,$C$2)) | C82: =IFERROR($C$1-1+_xlfn.RANK.EQ(B82,$B$4:$B$40)+COUNTIF(B$4:$B82,B82)-1,"") | D82: =IFERROR(VLOOKUP(C82,'At Home'!A:B,2,0),"")
A83: =IFERROR(IF(A82+1>$C$2,"",A82+1),"") | B83: =IF(A83="","",RANDBETWEEN($C$1,$C$2)) | C83: =IFERROR($C$1-1+_xlfn.RANK.EQ(B83,$B$4:$B$40)+COUNTIF(B$4:$B83,B83)-1,"") | D83: =IFERROR(VLOOKUP(C83,'At Home'!A:B,2,0),"")
A84: =IFERROR(IF(A83+1>$C$2,"",A83+1),"") | B84: =IF(A84="","",RANDBETWEEN($C$1,$C$2)) | C84: =IFERROR($C$1-1+_xlfn.RANK.EQ(B84,$B$4:$B$40)+COUNTIF(B$4:$B84,B84)-1,"") | D84: =IFERROR(VLOOKUP(C84,'At Home'!A:B,2,0),"")
... A142: =IFERROR(IF(A141+1>$C$2,"",A141+1),"") | B142: =IF(A142="","",RANDBETWEEN($C$1,$C$2)) | C142: =IFERROR($C$1-1+_xlfn.RANK.EQ(B142,$B$4:$B$40)+COUNTIF(B$4:$B142,B142)-1,"") | D142: =IFERROR(VLOOKUP(C142,'At Home'!A:B,2,0),"")
A143: =IFERROR(IF(A142+1>$C$2,"",A142+1),"") | B143: =IF(A143="","",RANDBETWEEN($C$1,$C$2))
A144: =IFERROR(IF(A143+1>$C$2,"",A143+1),"") | B144: =IF(A144="","",RANDBETWEEN($C$1,$C$2))
A145: =IFERROR(IF(A144+1>$C$2,"",A144+1),"") | B145: =IF(A145="","",RANDBETWEEN($C$1,$C$2))
A146: =IFERROR(IF(A145+1>$C$2,"",A145+1),"") | B146: =IF(A146="","",RANDBETWEEN($C$1,$C$2))
A147: =IFERROR(IF(A146+1>$C$2,"",A146+1),"") | B147: =IF(A147="","",RANDBETWEEN($C$1,$C$2))
A148: =IFERROR(IF(A147+1>$C$2,"",A147+1),"") | B148: =IF(A148="","",RANDBETWEEN($C$1,$C$2))
A149: =IFERROR(IF(A148+1>$C$2,"",A148+1),"") | B149: =IF(A149="","",RANDBETWEEN($C$1,$C$2))
A150: =IFERROR(IF(A149+1>$C$2,"",A149+1),"") | B150: =IF(A150="","",RANDBETWEEN($C$1,$C$2))
A151: =IFERROR(IF(A150+1>$C$2,"",A150+1),"") | B151: =IF(A151="","",RANDBETWEEN($C$1,$C$2))
A152: =IFERROR(IF(A151+1>$C$2,"",A151+1),"") | B152: =IF(A152="","",RANDBETWEEN($C$1,$C$2))
A153: =IFERROR(IF(A152+1>$C$2,"",A152+1),"") | B153: =IF(A153="","",RANDBETWEEN($C$1,$C$2))
A154: =IFERROR(IF(A153+1>$C$2,"",A153+1),"") | B154: =IF(A154="","",RANDBETWEEN($C$1,$C$2))
... A295: =IFERROR(IF(A294+1>$C$2,"",A294+1),"") | B295: =IF(A295="","",RANDBETWEEN($C$1,$C$2))

Sheet Sheet1

Sheet Sheet2
