Workbook

Sheet Declarative sentences
B2: TOPIC: DECLARATIVE SENTENCES
A3: No | B3: No | C3: ID | D3: Sentence | E3: Type | F3: Link | G3: ID | H3: Copy Google drive to …
B4: 1 | C4: 1Struc | D4: I’M GOING TO... /Tôi sẽ... / | E4: Struc | F4: =IF(G4="","","https://docs.google.com/uc?export=download&id="&G4)
B5: 1.1 | C5: 1.1Viet | D5: Tôi sẽ đi tắm. | E5: Viet | F5: =IF(G5="","","https://docs.google.com/uc?export=download&id="&G5) | G5: =IFERROR(LEFT(RIGHT(H5,LEN(H5)-32),LEN(RIGHT(H5,LEN(H5)-32))-17),"")
A6: 1 | B6: 1.1 | C6: 1.1Anh | D6: I’m going to take a shower. | E6: Eng | F6: =IF(G6="","","https://docs.google.com/uc?export=download&id="&G6) | G6: =IFERROR(LEFT(RIGHT(H6,LEN(H6)-32),LEN(RIGHT(H6,LEN(H6)-32))-17),"")
B7: 1.1 | C7: 1.1Phon | D7: aɪm ˈgoʊɪŋ tu: teɪk ə ˈʃaʊər | E7: Phon | F7: =IF(G7="","","https://docs.google.com/uc?export=download&id="&G7) | G7: =IFERROR(LEFT(RIGHT(H7,LEN(H7)-32),LEN(RIGHT(H7,LEN(H7)-32))-17),"")
B8: 1.2 | C8: 1.2Viet | D8: Tôi sẽ chợp mắt một chút. | E8: Viet | F8: =IF(G8="","","https://docs.google.com/uc?export=download&id="&G8) | G8: =IFERROR(LEFT(RIGHT(H8,LEN(H8)-32),LEN(RIGHT(H8,LEN(H8)-32))-17),"")
A9: 2 | B9: 1.2 | C9: 1.2Anh | D9: I’m going to take a quick nap. | E9: Eng | F9: =IF(G9="","","https://docs.google.com/uc?export=download&id="&G9) | G9: =IFERROR(LEFT(RIGHT(H9,LEN(H9)-32),LEN(RIGHT(H9,LEN(H9)-32))-17),"")
B10: 1.2 | C10: 1.2Phon | D10: aɪm ˈgoʊɪŋ tu: teɪk ə kwɪk næp | E10: Phon | F10: =IF(G10="","","https://docs.google.com/uc?export=download&id="&G10) | G10: =IFERROR(LEFT(RIGHT(H10,LEN(H10)-32),LEN(RIGHT(H10,LEN(H10)-32))-17),"")
B11: 1.3 | C11: 1.3Viet | D11: Tôi sẽ đi tìm chứng cứ. | E11: Viet | F11: =IF(G11="","","https://docs.google.com/uc?export=download&id="&G11) | G11: =IFERROR(LEFT(RIGHT(H11,LEN(H11)-32),LEN(RIGHT(H11,LEN(H11)-32))-17),"")
A12: 3 | B12: 1.3 | C12: 1.3Anh | D12: I’m going to find some evidence. | E12: Eng | F12: =IF(G12="","","https://docs.google.com/uc?export=download&id="&G12) | G12: =IFERROR(LEFT(RIGHT(H12,LEN(H12)-32),LEN(RIGHT(H12,LEN(H12)-32))-17),"")
B13: 1.3 | C13: 1.3Phon | D13: aɪm ˈgoʊɪŋ tu: faɪnd sʌm ˈɛvədəns | E13: Phon | F13: =IF(G13="","","https://docs.google.com/uc?export=download&id="&G13) | G13: =IFERROR(LEFT(RIGHT(H13,LEN(H13)-32),LEN(RIGHT(H13,LEN(H13)-32))-17),"")
B14: 1.4 | C14: 1.4Viet | D14: Tôi sẽ không tranh cãi với cậu. | E14: Viet | F14: =IF(G14="","","https://docs.google.com/uc?export=download&id="&G14) | G14: =IFERROR(LEFT(RIGHT(H14,LEN(H14)-32),LEN(RIGHT(H14,LEN(H14)-32))-17),"")
A15: 4 | B15: 1.4 | C15: 1.4Anh | D15: I’m not going to argue with you. | E15: Eng | F15: =IF(G15="","","https://docs.google.com/uc?export=download&id="&G15) | G15: =IFERROR(LEFT(RIGHT(H15,LEN(H15)-32),LEN(RIGHT(H15,LEN(H15)-32))-17),"")
B16: 1.4 | C16: 1.4Phon | D16: aɪm na:t ˈgoʊɪŋ tu: ˈa:rgju: wɪð ju: | E16: Phon | F16: =IF(G16="","","https://docs.google.com/uc?export=download&id="&G16) | G16: =IFERROR(LEFT(RIGHT(H16,LEN(H16)-32),LEN(RIGHT(H16,LEN(H16)-32))-17),"")
B17: 1.5 | C17: 1.5Viet | D17: Tôi sẽ không tỏ ra lịch sự với anh ấy. | E17: Viet | F17: =IF(G17="","","https://docs.google.com/uc?export=download&id="&G17) | G17: =IFERROR(LEFT(RIGHT(H17,LEN(H17)-32),LEN(RIGHT(H17,LEN(H17)-32))-17),"")
A18: 5 | B18: 1.5 | C18: 1.5Anh | D18: I’m not going to be polite to him. | E18: Eng | F18: =IF(G18="","","https://docs.google.com/uc?export=download&id="&G18) | G18: =IFERROR(LEFT(RIGHT(H18,LEN(H18)-32),LEN(RIGHT(H18,LEN(H18)-32))-17),"")
B19: 1.5 | C19: 1.5Phon | D19: aɪm na:t ˈgoʊɪŋ tu: bi: pəˈlaɪt tu: hɪm | E19: Phon | F19: =IF(G19="","","https://docs.google.com/uc?export=download&id="&G19) | G19: =IFERROR(LEFT(RIGHT(H19,LEN(H19)-32),LEN(RIGHT(H19,LEN(H19)-32))-17),"")
B20: 1.6 | C20: 1.6Viet | D20: Tôi sẽ không phản bội cậu. | E20: Viet | F20: =IF(G20="","","https://docs.google.com/uc?export=download&id="&G20) | G20: =IFERROR(LEFT(RIGHT(H20,LEN(H20)-32),LEN(RIGHT(H20,LEN(H20)-32))-17),"")
A21: 6 | B21: 1.6 | C21: 1.6Anh | D21: I’m not going to betray you. | E21: Eng | F21: =IF(G21="","","https://docs.google.com/uc?export=download&id="&G21) | G21: =IFERROR(LEFT(RIGHT(H21,LEN(H21)-32),LEN(RIGHT(H21,LEN(H21)-32))-17),"")
B22: 1.6 | C22: 1.6Phon | D22: aɪm na:t ˈgoʊɪŋ tu: bɪˈtreɪ ju: | E22: Phon | F22: =IF(G22="","","https://docs.google.com/uc?export=download&id="&G22) | G22: =IFERROR(LEFT(RIGHT(H22,LEN(H22)-32),LEN(RIGHT(H22,LEN(H22)-32))-17),"")
B23: 1.7 | C23: 1.7Viet | D23: Cậu sẽ ổn khi không có cô ấy chứ? | E23: Viet | F23: =IF(G23="","","https://docs.google.com/uc?export=download&id="&G23) | G23: =IFERROR(LEFT(RIGHT(H23,LEN(H23)-32),LEN(RIGHT(H23,LEN(H23)-32))-17),"")
A24: 7 | B24: 1.7 | C24: 1.7Anh | D24: Are you going to be ok without her? | E24: Eng | F24: =IF(G24="","","https://docs.google.com/uc?export=download&id="&G24) | G24: =IFERROR(LEFT(RIGHT(H24,LEN(H24)-32),LEN(RIGHT(H24,LEN(H24)-32))-17),"")
B25: 1.7 | C25: 1.7Phon | D25: a:r ju: ˈgoʊɪŋ tu: bi: oʊˈkeɪ wɪˈðaʊt hɜ:r | E25: Phon | F25: =IF(G25="","","https://docs.google.com/uc?export=download&id="&G25) | G25: =IFERROR(LEFT(RIGHT(H25,LEN(H25)-32),LEN(RIGHT(H25,LEN(H25)-32))-17),"")
B26: 1.8 | C26: 1.8Viet | D26: Cậu có định đi chơi với cô ấy không? | E26: Viet | F26: =IF(G26="","","https://docs.google.com/uc?export=download&id="&G26) | G26: =IFERROR(LEFT(RIGHT(H26,LEN(H26)-32),LEN(RIGHT(H26,LEN(H26)-32))-17),"")
A27: 8 | B27: 1.8 | C27: 1.8Anh | D27: Are you going to go out with her? | E27: Eng | F27: =IF(G27="","","https://docs.google.com/uc?export=download&id="&G27) | G27: =IFERROR(LEFT(RIGHT(H27,LEN(H27)-32),LEN(RIGHT(H27,LEN(H27)-32))-17),"")
B28: 1.8 | C28: 1.8Phon | D28: a:r ju: ˈgoʊɪŋ tu: goʊ aʊt wɪð hɜ:r | E28: Phon | F28: =IF(G28="","","https://docs.google.com/uc?export=download&id="&G28) | G28: =IFERROR(LEFT(RIGHT(H28,LEN(H28)-32),LEN(RIGHT(H28,LEN(H28)-32))-17),"")
B29: 1.9 | C29: 1.9Viet | D29: Cậu có định lát nữa quay lại văn phòng không? | E29: Viet | F29: =IF(G29="","","https://docs.google.com/uc?export=download&id="&G29) | G29: =IFERROR(LEFT(RIGHT(H29,LEN(H29)-32),LEN(RIGHT(H29,LEN(H29)-32))-17),"")
A30: 9 | B30: 1.9 | C30: 1.9Anh | D30: Are you going to be back in the office later? | E30: Eng | F30: =IF(G30="","","https://docs.google.com/uc?export=download&id="&G30) | G30: =IFERROR(LEFT(RIGHT(H30,LEN(H30)-32),LEN(RIGHT(H30,LEN(H30)-32))-17),"")
B31: 1.9 | C31: 1.9Phon | D31: a:r ju: ˈgoʊɪŋ tu: bi: bæk ɪn ði: ˈa:fɪs ˈleɪtər | E31: Phon | F31: =IF(G31="","","https://docs.google.com/uc?export=download&id="&G31) | G31: =IFERROR(LEFT(RIGHT(H31,LEN(H31)-32),LEN(RIGHT(H31,LEN(H31)-32))-17),"")
B32: 2 | C32: 2Struc | D32: I WILL... /Tôi sẽ.../ | E32: Struc | F32: =IF(G32="","","https://docs.google.com/uc?export=download&id="&G32) | G32: =IFERROR(LEFT(RIGHT(H32,LEN(H32)-32),LEN(RIGHT(H32,LEN(H32)-32))-17),"")
B33: 2.1 | C33: 2.1Viet | D33: Tôi sẽ kể cho cậu chuyện này. | E33: Viet | F33: =IF(G33="","","https://docs.google.com/uc?export=download&id="&G33) | G33: =IFERROR(LEFT(RIGHT(H33,LEN(H33)-32),LEN(RIGHT(H33,LEN(H33)-32))-17),"")
A34: 10 | B34: 2.1 | C34: 2.1Anh | D34: I will tell you this. | E34: Eng | F34: =IF(G34="","","https://docs.google.com/uc?export=download&id="&G34) | G34: =IFERROR(LEFT(RIGHT(H34,LEN(H34)-32),LEN(RIGHT(H34,LEN(H34)-32))-17),"")
B35: 2.1 | C35: 2.1Phon | D35: aɪ wɪl tɛl ju: ðɪs | E35: Phon | F35: =IF(G35="","","https://docs.google.com/uc?export=download&id="&G35) | G35: =IFERROR(LEFT(RIGHT(H35,LEN(H35)-32),LEN(RIGHT(H35,LEN(H35)-32))-17),"")
B36: 2.2 | C36: 2.2Viet | D36: Tôi sẽ thay đổi kiểu tóc. | E36: Viet | F36: =IF(G36="","","https://docs.google.com/uc?export=download&id="&G36) | G36: =IFERROR(LEFT(RIGHT(H36,LEN(H36)-32),LEN(RIGHT(H36,LEN(H36)-32))-17),"")
A37: 11 | B37: 2.2 | C37: 2.2Anh | D37: I will change my hairstyle. | E37: Eng | F37: =IF(G37="","","https://docs.google.com/uc?export=download&id="&G37) | G37: =IFERROR(LEFT(RIGHT(H37,LEN(H37)-32),LEN(RIGHT(H37,LEN(H37)-32))-17),"")
B38: 2.2 | C38: 2.2Phon | D38: aɪ wɪl ʧeɪnʤ maɪ ˈhɛrstaɪl | E38: Phon | F38: =IF(G38="","","https://docs.google.com/uc?export=download&id="&G38) | G38: =IFERROR(LEFT(RIGHT(H38,LEN(H38)-32),LEN(RIGHT(H38,LEN(H38)-32))-17),"")
B39: 2.3 | C39: 2.3Viet | D39: Tôi sẽ giữ bí mật. | E39: Viet | F39: =IF(G39="","","https://docs.google.com/uc?export=download&id="&G39) | G39: =IFERROR(LEFT(RIGHT(H39,LEN(H39)-32),LEN(RIGHT(H39,LEN(H39)-32))-17),"")
A40: 12 | B40: 2.3 | C40: 2.3Anh | D40: I will keep it secret. | E40: Eng | F40: =IF(G40="","","https://docs.google.com/uc?export=download&id="&G40) | G40: =IFERROR(LEFT(RIGHT(H40,LEN(H40)-32),LEN(RIGHT(H40,LEN(H40)-32))-17),"")
B41: 2.3 | C41: 2.3Phon | D41: aɪ wɪl ki:p ɪt ˈsi:krət | E41: Phon | F41: =IF(G41="","","https://docs.google.com/uc?export=download&id="&G41) | G41: =IFERROR(LEFT(RIGHT(H41,LEN(H41)-32),LEN(RIGHT(H41,LEN(H41)-32))-17),"")
B42: 2.4 | C42: 2.4Viet | D42: Tôi sẽ không lặp lại chuyện đó. | E42: Viet | F42: =IF(G42="","","https://docs.google.com/uc?export=download&id="&G42) | G42: =IFERROR(LEFT(RIGHT(H42,LEN(H42)-32),LEN(RIGHT(H42,LEN(H42)-32))-17),"")
A43: 13 | B43: 2.4 | C43: 2.4Anh | D43: I won’t do that again. | E43: Eng | F43: =IF(G43="","","https://docs.google.com/uc?export=download&id="&G43) | G43: =IFERROR(LEFT(RIGHT(H43,LEN(H43)-32),LEN(RIGHT(H43,LEN(H43)-32))-17),"")
B44: 2.4 | C44: 2.4Phon | D44: aɪ woʊnt du: ðæt əˈgɛn | E44: Phon | F44: =IF(G44="","","https://docs.google.com/uc?export=download&id="&G44) | G44: =IFERROR(LEFT(RIGHT(H44,LEN(H44)-32),LEN(RIGHT(H44,LEN(H44)-32))-17),"")
B45: 2.5 | C45: 2.5Viet | D45: Tôi sẽ không để chuyện đó xảy ra nữa. | E45: Viet | F45: =IF(G45="","","https://docs.google.com/uc?export=download&id="&G45) | G45: =IFERROR(LEFT(RIGHT(H45,LEN(H45)-32),LEN(RIGHT(H45,LEN(H45)-32))-17),"")
A46: 14 | B46: 2.5 | C46: 2.5Anh | D46: I won’t let it happen again. | E46: Eng | F46: =IF(G46="","","https://docs.google.com/uc?export=download&id="&G46) | G46: =IFERROR(LEFT(RIGHT(H46,LEN(H46)-32),LEN(RIGHT(H46,LEN(H46)-32))-17),"")
B47: 2.5 | C47: 2.5Phon | D47: aɪ woʊnt lɛt ɪt ˈhæpən əˈgɛn | E47: Phon | F47: =IF(G47="","","https://docs.google.com/uc?export=download&id="&G47) | G47: =IFERROR(LEFT(RIGHT(H47,LEN(H47)-32),LEN(RIGHT(H47,LEN(H47)-32))-17),"")
B48: 2.6 | C48: 2.6Viet | D48: Tôi sẽ không từ bỏ. | E48: Viet | F48: =IF(G48="","","https://docs.google.com/uc?export=download&id="&G48) | G48: =IFERROR(LEFT(RIGHT(H48,LEN(H48)-32),LEN(RIGHT(H48,LEN(H48)-32))-17),"")
A49: 15 | B49: 2.6 | C49: 2.6Anh | D49: I won’t give up. | E49: Eng | F49: =IF(G49="","","https://docs.google.com/uc?export=download&id="&G49) | G49: =IFERROR(LEFT(RIGHT(H49,LEN(H49)-32),LEN(RIGHT(H49,LEN(H49)-32))-17),"")
B50: 2.6 | C50: 2.6Phon | D50: aɪ woʊnt gɪv ʌp | E50: Phon | F50: =IF(G50="","","https://docs.google.com/uc?export=download&id="&G50) | G50: =IFERROR(LEFT(RIGHT(H50,LEN(H50)-32),LEN(RIGHT(H50,LEN(H50)-32))-17),"")
B51: 2.7 | C51: 2.7Viet | D51: Chắc sẽ vui. | E51: Viet | F51: =IF(G51="","","https://docs.google.com/uc?export=download&id="&G51) | G51: =IFERROR(LEFT(RIGHT(H51,LEN(H51)-32),LEN(RIGHT(H51,LEN(H51)-32))-17),"")
A52: 16 | B52: 2.7 | C52: 2.7Anh | D52: It will be fun. | E52: Eng | F52: =IF(G52="","","https://docs.google.com/uc?export=download&id="&G52) | G52: =IFERROR(LEFT(RIGHT(H52,LEN(H52)-32),LEN(RIGHT(H52,LEN(H52)-32))-17),"")
B53: 2.7 | C53: 2.7Phon | D53: ɪt wɪl bi: fʌn | E53: Phon | F53: =IF(G53="","","https://docs.google.com/uc?export=download&id="&G53) | G53: =IFERROR(LEFT(RIGHT(H53,LEN(H53)-32),LEN(RIGHT(H53,LEN(H53)-32))-17),"")
B54: 2.8 | C54: 2.8Viet | D54: Chắc là sẽ lâu hơn dự tính. | E54: Viet | F54: =IF(G54="","","https://docs.google.com/uc?export=download&id="&G54) | G54: =IFERROR(LEFT(RIGHT(H54,LEN(H54)-32),LEN(RIGHT(H54,LEN(H54)-32))-17),"")
A55: 17 | B55: 2.8 | C55: 2.8Anh | D55: It will take longer than expected. | E55: Eng | F55: =IF(G55="","","https://docs.google.com/uc?export=download&id="&G55) | G55: =IFERROR(LEFT(RIGHT(H55,LEN(H55)-32),LEN(RIGHT(H55,LEN(H55)-32))-17),"")
B56: 2.8 | C56: 2.8Phon | D56: ɪt wɪl teɪk ˈlɔ:ŋgər ðæn ɪkˈspektɪd | E56: Phon | F56: =IF(G56="","","https://docs.google.com/uc?export=download&id="&G56) | G56: =IFERROR(LEFT(RIGHT(H56,LEN(H56)-32),LEN(RIGHT(H56,LEN(H56)-32))-17),"")
B57: 2.9 | C57: 2.9Viet | D57: Chắc không làm cậu chán đâu. | E57: Viet | F57: =IF(G57="","","https://docs.google.com/uc?export=download&id="&G57) | G57: =IFERROR(LEFT(RIGHT(H57,LEN(H57)-32),LEN(RIGHT(H57,LEN(H57)-32))-17),"")
A58: 18 | B58: 2.9 | C58: 2.9Anh | D58: It will not bore you. | E58: Eng | F58: =IF(G58="","","https://docs.google.com/uc?export=download&id="&G58) | G58: =IFERROR(LEFT(RIGHT(H58,LEN(H58)-32),LEN(RIGHT(H58,LEN(H58)-32))-17),"")
B59: 2.9 | C59: 2.9Phon | D59: ɪt wɪl na:t bɔ:r ju: | E59: Phon | F59: =IF(G59="","","https://docs.google.com/uc?export=download&id="&G59) | G59: =IFERROR(LEFT(RIGHT(H59,LEN(H59)-32),LEN(RIGHT(H59,LEN(H59)-32))-17),"")
B60: 3 | C60: 3Struc | D60: I AM + V-ING... /Tôi sẽ... / | E60: Struc | F60: =IF(G60="","","https://docs.google.com/uc?export=download&id="&G60) | G60: =IFERROR(LEFT(RIGHT(H60,LEN(H60)-32),LEN(RIGHT(H60,LEN(H60)-32))-17),"")
B61: 3.1 | C61: 3.1Viet | D61: Tôi sẽ đi ngay đây. | E61: Viet | F61: =IF(G61="","","https://docs.google.com/uc?export=download&id="&G61) | G61: =IFERROR(LEFT(RIGHT(H61,LEN(H61)-32),LEN(RIGHT(H61,LEN(H61)-32))-17),"")
A62: 19 | B62: 3.1 | C62: 3.1Anh | D62: I’m leaving in a moment. | E62: Eng | F62: =IF(G62="","","https://docs.google.com/uc?export=download&id="&G62) | G62: =IFERROR(LEFT(RIGHT(H62,LEN(H62)-32),LEN(RIGHT(H62,LEN(H62)-32))-17),"")
B63: 3.1 | C63: 3.1Phon | D63: aɪm ˈli:vɪŋ ɪn ə ˈmoʊmənt | E63: Phon | F63: =IF(G63="","","https://docs.google.com/uc?export=download&id="&G63) | G63: =IFERROR(LEFT(RIGHT(H63,LEN(H63)-32),LEN(RIGHT(H63,LEN(H63)-32))-17),"")
B64: 3.2 | C64: 3.2Viet | D64: Tôi sẽ tắt điện thoại ngay đây. | E64: Viet | F64: =IF(G64="","","https://docs.google.com/uc?export=download&id="&G64) | G64: =IFERROR(LEFT(RIGHT(H64,LEN(H64)-32),LEN(RIGHT(H64,LEN(H64)-32))-17),"")
A65: 20 | B65: 3.2 | C65: 3.2Anh | D65: I’m getting off the phone. | E65: Eng | F65: =IF(G65="","","https://docs.google.com/uc?export=download&id="&G65) | G65: =IFERROR(LEFT(RIGHT(H65,LEN(H65)-32),LEN(RIGHT(H65,LEN(H65)-32))-17),"")
B66: 3.2 | C66: 3.2Phon | D66: aɪm ˈgɛtɪŋ a:f ðə foʊn | E66: Phon | F66: =IF(G66="","","https://docs.google.com/uc?export=download&id="&G66) | G66: =IFERROR(LEFT(RIGHT(H66,LEN(H66)-32),LEN(RIGHT(H66,LEN(H66)-32))-17),"")
B67: 3.3 | C67: 3.3Viet | D67: Tôi sẽ quay lại làm việc sau 1 giờ nữa. | E67: Viet | F67: =IF(G67="","","https://docs.google.com/uc?export=download&id="&G67) | G67: =IFERROR(LEFT(RIGHT(H67,LEN(H67)-32),LEN(RIGHT(H67,LEN(H67)-32))-17),"")
A68: 21 | B68: 3.3 | C68: 3.3Anh | D68: I’m getting back to work in an hour. | E68: Eng | F68: =IF(G68="","","https://docs.google.com/uc?export=download&id="&G68) | G68: =IFERROR(LEFT(RIGHT(H68,LEN(H68)-32),LEN(RIGHT(H68,LEN(H68)-32))-17),"")
B69: 3.3 | C69: 3.3Phon | D69: aɪm ˈgɛtɪŋ bæk tu: wɜ:rk ɪn ən ˈaʊər | E69: Phon | F69: =IF(G69="","","https://docs.google.com/uc?export=download&id="&G69) | G69: =IFERROR(LEFT(RIGHT(H69,LEN(H69)-32),LEN(RIGHT(H69,LEN(H69)-32))-17),"")
B70: 3.4 | C70: 3.4Viet | D70: Tôi sẽ không làm chuyện này. | E70: Viet | F70: =IF(G70="","","https://docs.google.com/uc?export=download&id="&G70) | G70: =IFERROR(LEFT(RIGHT(H70,LEN(H70)-32),LEN(RIGHT(H70,LEN(H70)-32))-17),"")
A71: 22 | B71: 3.4 | C71: 3.4Anh | D71: I’m not doing this. | E71: Eng | F71: =IF(G71="","","https://docs.google.com/uc?export=download&id="&G71) | G71: =IFERROR(LEFT(RIGHT(H71,LEN(H71)-32),LEN(RIGHT(H71,LEN(H71)-32))-17),"")
B72: 3.4 | C72: 3.4Phon | D72: aɪm na:t ˈdu:ɪŋ ðɪs | E72: Phon | F72: =IF(G72="","","https://docs.google.com/uc?export=download&id="&G72) | G72: =IFERROR(LEFT(RIGHT(H72,LEN(H72)-32),LEN(RIGHT(H72,LEN(H72)-32))-17),"")
B73: 3.5 | C73: 3.5Viet | D73: Tôi sẽ không yêu cầu cậu làm chuyện này. | E73: Viet | F73: =IF(G73="","","https://docs.google.com/uc?export=download&id="&G73) | G73: =IFERROR(LEFT(RIGHT(H73,LEN(H73)-32),LEN(RIGHT(H73,LEN(H73)-32))-17),"")
A74: 23 | B74: 3.5 | C74: 3.5Anh | D74: I’m not asking you to do this. | E74: Eng | F74: =IF(G74="","","https://docs.google.com/uc?export=download&id="&G74) | G74: =IFERROR(LEFT(RIGHT(H74,LEN(H74)-32),LEN(RIGHT(H74,LEN(H74)-32))-17),"")
B75: 3.5 | C75: 3.5Phon | D75: aɪm na:t ˈæskɪŋ ju: tu: du: ðɪs | E75: Phon | F75: =IF(G75="","","https://docs.google.com/uc?export=download&id="&G75) | G75: =IFERROR(LEFT(RIGHT(H75,LEN(H75)-32),LEN(RIGHT(H75,LEN(H75)-32))-17),"")
B76: 3.6 | C76: 3.6Viet | D76: Tôi sẽ không bị mất ngủ vì chuyện này đâu. | E76: Viet | F76: =IF(G76="","","https://docs.google.com/uc?export=download&id="&G76) | G76: =IFERROR(LEFT(RIGHT(H76,LEN(H76)-32),LEN(RIGHT(H76,LEN(H76)-32))-17),"")
A77: 24 | B77: 3.6 | C77: 3.6Anh | D77: I’m not losing sleep over it. | E77: Eng | F77: =IF(G77="","","https://docs.google.com/uc?export=download&id="&G77) | G77: =IFERROR(LEFT(RIGHT(H77,LEN(H77)-32),LEN(RIGHT(H77,LEN(H77)-32))-17),"")
B78: 3.6 | C78: 3.6Phon | D78: aɪm na:t ˈlu:zɪŋ sli:p ˈoʊvər ɪt | E78: Phon | F78: =IF(G78="","","https://docs.google.com/uc?export=download&id="&G78) | G78: =IFERROR(LEFT(RIGHT(H78,LEN(H78)-32),LEN(RIGHT(H78,LEN(H78)-32))-17),"")
B79: 3.7 | C79: 3.7Viet | D79: Cậu có ở lại ăn tối không? | E79: Viet | F79: =IF(G79="","","https://docs.google.com/uc?export=download&id="&G79) | G79: =IFERROR(LEFT(RIGHT(H79,LEN(H79)-32),LEN(RIGHT(H79,LEN(H79)-32))-17),"")
A80: 25 | B80: 3.7 | C80: 3.7Anh | D80: Are you staying for dinner? | E80: Eng | F80: =IF(G80="","","https://docs.google.com/uc?export=download&id="&G80) | G80: =IFERROR(LEFT(RIGHT(H80,LEN(H80)-32),LEN(RIGHT(H80,LEN(H80)-32))-17),"")
B81: 3.7 | C81: 3.7Phon | D81: a:r ju: ˈsteɪɪŋ fɔ:r ˈdɪnər | E81: Phon | F81: =IF(G81="","","https://docs.google.com/uc?export=download&id="&G81) | G81: =IFERROR(LEFT(RIGHT(H81,LEN(H81)-32),LEN(RIGHT(H81,LEN(H81)-32))-17),"")
B82: 3.8 | C82: 3.8Viet | D82: Cậu có đi hay không? | E82: Viet | F82: =IF(G82="","","https://docs.google.com/uc?export=download&id="&G82) | G82: =IFERROR(LEFT(RIGHT(H82,LEN(H82)-32),LEN(RIGHT(H82,LEN(H82)-32))-17),"")
A83: 26 | B83: 3.8 | C83: 3.8Anh | D83: Are you going or not? | E83: Eng | F83: =IF(G83="","","https://docs.google.com/uc?export=download&id="&G83) | G83: =IFERROR(LEFT(RIGHT(H83,LEN(H83)-32),LEN(RIGHT(H83,LEN(H83)-32))-17),"")
B84: 3.8 | C84: 3.8Phon | D84: a:r ju: ˈgoʊɪŋ ɔ:r na:t | E84: Phon | F84: =IF(G84="","","https://docs.google.com/uc?export=download&id="&G84) | G84: =IFERROR(LEFT(RIGHT(H84,LEN(H84)-32),LEN(RIGHT(H84,LEN(H84)-32))-17),"")
B85: 4 | C85: 4Struc | D85: IT IS NOT... /Đấy không phải là.../ | E85: Struc | F85: =IF(G85="","","https://docs.google.com/uc?export=download&id="&G85) | G85: =IFERROR(LEFT(RIGHT(H85,LEN(H85)-32),LEN(RIGHT(H85,LEN(H85)-32))-17),"")
B86: 4.1 | C86: 4.1Viet | D86: Không phải về cậu. | E86: Viet | F86: =IF(G86="","","https://docs.google.com/uc?export=download&id="&G86) | G86: =IFERROR(LEFT(RIGHT(H86,LEN(H86)-32),LEN(RIGHT(H86,LEN(H86)-32))-17),"")
A87: 27 | B87: 4.1 | C87: 4.1Anh | D87: It’s not about you. | E87: Eng | F87: =IF(G87="","","https://docs.google.com/uc?export=download&id="&G87) | G87: =IFERROR(LEFT(RIGHT(H87,LEN(H87)-32),LEN(RIGHT(H87,LEN(H87)-32))-17),"")
B88: 4.1 | C88: 4.1Phon | D88: ɪts na:t əˈbaʊt ju: | E88: Phon | F88: =IF(G88="","","https://docs.google.com/uc?export=download&id="&G88) | G88: =IFERROR(LEFT(RIGHT(H88,LEN(H88)-32),LEN(RIGHT(H88,LEN(H88)-32))-17),"")
B89: 4.2 | C89: 4.2Viet | D89: Nó không đáng. | E89: Viet | F89: =IF(G89="","","https://docs.google.com/uc?export=download&id="&G89) | G89: =IFERROR(LEFT(RIGHT(H89,LEN(H89)-32),LEN(RIGHT(H89,LEN(H89)-32))-17),"")
A90: 28 | B90: 4.2 | C90: 4.2Anh | D90: It’s not worth it. | E90: Eng | F90: =IF(G90="","","https://docs.google.com/uc?export=download&id="&G90) | G90: =IFERROR(LEFT(RIGHT(H90,LEN(H90)-32),LEN(RIGHT(H90,LEN(H90)-32))-17),"")
B91: 4.2 | C91: 4.2Phon | D91: ɪts na:t wɜ:rθ ɪt | E91: Phon | F91: =IF(G91="","","https://docs.google.com/uc?export=download&id="&G91) | G91: =IFERROR(LEFT(RIGHT(H91,LEN(H91)-32),LEN(RIGHT(H91,LEN(H91)-32))-17),"")
B92: 4.3 | C92: 4.3Viet | D92: Nó không quan trọng đến thế. | E92: Viet | F92: =IF(G92="","","https://docs.google.com/uc?export=download&id="&G92) | G92: =IFERROR(LEFT(RIGHT(H92,LEN(H92)-32),LEN(RIGHT(H92,LEN(H92)-32))-17),"")
A93: 29 | B93: 4.3 | C93: 4.3Anh | D93: It’s not that important. | E93: Eng | F93: =IF(G93="","","https://docs.google.com/uc?export=download&id="&G93) | G93: =IFERROR(LEFT(RIGHT(H93,LEN(H93)-32),LEN(RIGHT(H93,LEN(H93)-32))-17),"")
B94: 4.3 | C94: 4.3Phon | D94: ɪts na:t ðæt ɪmˈpɔ:rtənt | E94: Phon | F94: =IF(G94="","","https://docs.google.com/uc?export=download&id="&G94) | G94: =IFERROR(LEFT(RIGHT(H94,LEN(H94)-32),LEN(RIGHT(H94,LEN(H94)-32))-17),"")
B95: 4.4 | C95: 4.4Viet | D95: Chuyện không phải lúc nào cũng đơn giản như thế. | E95: Viet | F95: =IF(G95="","","https://docs.google.com/uc?export=download&id="&G95) | G95: =IFERROR(LEFT(RIGHT(H95,LEN(H95)-32),LEN(RIGHT(H95,LEN(H95)-32))-17),"")
A96: 30 | B96: 4.4 | C96: 4.4Anh | D96: It’s not always that simple. | E96: Eng | F96: =IF(G96="","","https://docs.google.com/uc?export=download&id="&G96) | G96: =IFERROR(LEFT(RIGHT(H96,LEN(H96)-32),LEN(RIGHT(H96,LEN(H96)-32))-17),"")
B97: 4.4 | C97: 4.4Phon | D97: ɪts na:t ˈa:lweɪz ðæt ˈsɪmpəl | E97: Phon | F97: =IF(G97="","","https://docs.google.com/uc?export=download&id="&G97) | G97: =IFERROR(LEFT(RIGHT(H97,LEN(H97)-32),LEN(RIGHT(H97,LEN(H97)-32))-17),"")
B98: 4.5 | C98: 4.5Viet | D98: Người anh ấy muốn gặp không phải là tôi. | E98: Viet | F98: =IF(G98="","","https://docs.google.com/uc?export=download&id="&G98) | G98: =IFERROR(LEFT(RIGHT(H98,LEN(H98)-32),LEN(RIGHT(H98,LEN(H98)-32))-17),"")
A99: 31 | B99: 4.5 | C99: 4.5Anh | D99: It’s not me he wants to see. | E99: Eng | F99: =IF(G99="","","https://docs.google.com/uc?export=download&id="&G99) | G99: =IFERROR(LEFT(RIGHT(H99,LEN(H99)-32),LEN(RIGHT(H99,LEN(H99)-32))-17),"")
B100: 4.5 | C100: 4.5Phon | D100: ɪts na:t mi: hi: wa:nts tu: si: | E100: Phon | F100: =IF(G100="","","https://docs.google.com/uc?export=download&id="&G100) | G100: =IFERROR(LEFT(RIGHT(H100,LEN(H100)-32),LEN(RIGHT(H100,LEN(H100)-32))-17),"")
B101: 4.6 | C101: 4.6Viet | D101: Người cô ấy muốn nói chuyện không phải là tôi. | E101: Viet | F101: =IF(G101="","","https://docs.google.com/uc?export=download&id="&G101) | G101: =IFERROR(LEFT(RIGHT(H101,LEN(H101)-32),LEN(RIGHT(H101,LEN(H101)-32))-17),"")
...

Sheet Viet
B2: Sentence | C2: Link | D2: ID | E2: Copy Google drive to …
B3: 01-05 | C3: =IF(D3="","","https://docs.google.com/uc?export=download&id="&D3) | D3: =IFERROR(LEFT(RIGHT(E3,LEN(E3)-32),LEN(RIGHT(E3,LEN(E3)-32))-17),"")
B4: 06-09 | C4: =IF(D4="","","https://docs.google.com/uc?export=download&id="&D4) | D4: =IFERROR(LEFT(RIGHT(E4,LEN(E4)-32),LEN(RIGHT(E4,LEN(E4)-32))-17),"")
C5: =IF(D5="","","https://docs.google.com/uc?export=download&id="&D5) | D5: =IFERROR(LEFT(RIGHT(E5,LEN(E5)-32),LEN(RIGHT(E5,LEN(E5)-32))-17),"")
C6: =IF(D6="","","https://docs.google.com/uc?export=download&id="&D6) | D6: =IFERROR(LEFT(RIGHT(E6,LEN(E6)-32),LEN(RIGHT(E6,LEN(E6)-32))-17),"")
C7: =IF(D7="","","https://docs.google.com/uc?export=download&id="&D7) | D7: =IFERROR(LEFT(RIGHT(E7,LEN(E7)-32),LEN(RIGHT(E7,LEN(E7)-32))-17),"")

Sheet Sum
B2: Sentence | C2: Link | D2: ID | E2: Copy Google drive to …
B3: Woman | C3: =IF(D3="","","https://docs.google.com/uc?export=download&id="&D3) | D3: =IFERROR(LEFT(RIGHT(E3,LEN(E3)-32),LEN(RIGHT(E3,LEN(E3)-32))-17),"")
B4: Man | C4: =IF(D4="","","https://docs.google.com/uc?export=download&id="&D4) | D4: =IFERROR(LEFT(RIGHT(E4,LEN(E4)-32),LEN(RIGHT(E4,LEN(E4)-32))-17),"")

Sheet Ramdom
B1: From | C1: 1
B2: To | C2: 10
C3: No | D3: No | E3: Viet | F3: Eng
A4: =C1 -> 1 | B4: =IF(A4="","",RANDBETWEEN($C$1,$C$2)) -> 4 | C4: =IFERROR($C$1-1+_xlfn.RANK.EQ(B4,$B$4:$B$134)+COUNTIF(B$4:$B4,B4)-1,"") -> 6 | D4: =IFERROR(VLOOKUP(C4,'Declarative sentences'!A:B,2,0),"") -> 1.6 | E4: =IFERROR(VLOOKUP(D4&"Viet",'Declarative sentences'!C:D,2,0),"") -> Tôi sẽ không phản bội cậu. | F4: =IFERROR(VLOOKUP(D4&"Eng",'Declarative sentences'!C:D,2,0),"")
A5: =IFERROR(IF(A4+1>$C$2,"",A4+1),"") -> 2 | B5: =IF(A5="","",RANDBETWEEN($C$1,$C$2)) -> 5 | C5: =IFERROR($C$1-1+_xlfn.RANK.EQ(B5,$B$4:$B$40)+COUNTIF(B$4:$B5,B5)-1,"") -> 4 | D5: =IFERROR(VLOOKUP(C5,'Declarative sentences'!A:B,2,0),"") -> 1.4 | E5: =IFERROR(VLOOKUP(D5&"Viet",'Declarative sentences'!C:D,2,0),"") -> Tôi sẽ không tranh cãi với cậu. | F5: =IFERROR(VLOOKUP(D5&"Eng",'Declarative sentences'!C:D,2,0),"")
A6: =IFERROR(IF(A5+1>$C$2,"",A5+1),"") -> 3 | B6: =IF(A6="","",RANDBETWEEN($C$1,$C$2)) -> 6 | C6: =IFERROR($C$1-1+_xlfn.RANK.EQ(B6,$B$4:$B$40)+COUNTIF(B$4:$B6,B6)-1,"") -> 3 | D6: =IFERROR(VLOOKUP(C6,'Declarative sentences'!A:B,2,0),"") -> 1.3 | E6: =IFERROR(VLOOKUP(D6&"Viet",'Declarative sentences'!C:D,2,0),"") -> Tôi sẽ đi tìm chứng cứ. | F6: =IFERROR(VLOOKUP(D6&"Eng",'Declarative sentences'!C:D,2,0),"")
A7: =IFERROR(IF(A6+1>$C$2,"",A6+1),"") -> 4 | B7: =IF(A7="","",RANDBETWEEN($C$1,$C$2)) -> 9 | C7: =IFERROR($C$1-1+_xlfn.RANK.EQ(B7,$B$4:$B$40)+COUNTIF(B$4:$B7,B7)-1,"") -> 1 | D7: =IFERROR(VLOOKUP(C7,'Declarative sentences'!A:B,2,0),"") -> 1.1 | E7: =IFERROR(VLOOKUP(D7&"Viet",'Declarative sentences'!C:D,2,0),"") -> Tôi sẽ đi tắm. | F7: =IFERROR(VLOOKUP(D7&"Eng",'Declarative sentences'!C:D,2,0),"")
A8: =IFERROR(IF(A7+1>$C$2,"",A7+1),"") -> 5 | B8: =IF(A8="","",RANDBETWEEN($C$1,$C$2)) -> 7 | C8: =IFERROR($C$1-1+_xlfn.RANK.EQ(B8,$B$4:$B$40)+COUNTIF(B$4:$B8,B8)-1,"") -> 2 | D8: =IFERROR(VLOOKUP(C8,'Declarative sentences'!A:B,2,0),"") -> 1.2 | E8: =IFERROR(VLOOKUP(D8&"Viet",'Declarative sentences'!C:D,2,0),"") -> Tôi sẽ chợp mắt một chút. | F8: =IFERROR(VLOOKUP(D8&"Eng",'Declarative sentences'!C:D,2,0),"")
A9: =IFERROR(IF(A8+1>$C$2,"",A8+1),"") -> 6 | B9: =IF(A9="","",RANDBETWEEN($C$1,$C$2)) -> 4 | C9: =IFERROR($C$1-1+_xlfn.RANK.EQ(B9,$B$4:$B$40)+COUNTIF(B$4:$B9,B9)-1,"") -> 7 | D9: =IFERROR(VLOOKUP(C9,'Declarative sentences'!A:B,2,0),"") -> 1.7 | E9: =IFERROR(VLOOKUP(D9&"Viet",'Declarative sentences'!C:D,2,0),"") -> Cậu sẽ ổn khi không có cô ấy chứ? | F9: =IFERROR(VLOOKUP(D9&"Eng",'Declarative sentences'!C:D,2,0),"")
A10: =IFERROR(IF(A9+1>$C$2,"",A9+1),"") -> 7 | B10: =IF(A10="","",RANDBETWEEN($C$1,$C$2)) -> 5 | C10: =IFERROR($C$1-1+_xlfn.RANK.EQ(B10,$B$4:$B$40)+COUNTIF(B$4:$B10,B10)-1,"") -> 5 | D10: =IFERROR(VLOOKUP(C10,'Declarative sentences'!A:B,2,0),"") -> 1.5 | E10: =IFERROR(VLOOKUP(D10&"Viet",'Declarative sentences'!C:D,2,0),"") -> Tôi sẽ không tỏ ra lịch sự với anh ấy. | F10: =IFERROR(VLOOKUP(D10&"Eng",'Declarative sentences'!C:D,2,0),"")
A11: =IFERROR(IF(A10+1>$C$2,"",A10+1),"") -> 8 | B11: =IF(A11="","",RANDBETWEEN($C$1,$C$2)) -> 1 | C11: =IFERROR($C$1-1+_xlfn.RANK.EQ(B11,$B$4:$B$40)+COUNTIF(B$4:$B11,B11)-1,"") -> 10 | D11: =IFERROR(VLOOKUP(C11,'Declarative sentences'!A:B,2,0),"") -> 2.1 | E11: =IFERROR(VLOOKUP(D11&"Viet",'Declarative sentences'!C:D,2,0),"") -> Tôi sẽ kể cho cậu chuyện này. | F11: =IFERROR(VLOOKUP(D11&"Eng",'Declarative sentences'!C:D,2,0),"")
A12: =IFERROR(IF(A11+1>$C$2,"",A11+1),"") -> 9 | B12: =IF(A12="","",RANDBETWEEN($C$1,$C$2)) -> 4 | C12: =IFERROR($C$1-1+_xlfn.RANK.EQ(B12,$B$4:$B$40)+COUNTIF(B$4:$B12,B12)-1,"") -> 8 | D12: =IFERROR(VLOOKUP(C12,'Declarative sentences'!A:B,2,0),"") -> 1.8 | E12: =IFERROR(VLOOKUP(D12&"Viet",'Declarative sentences'!C:D,2,0),"") -> Cậu có định đi chơi với cô ấy không? | F12: =IFERROR(VLOOKUP(D12&"Eng",'Declarative sentences'!C:D,2,0),"")
A13: =IFERROR(IF(A12+1>$C$2,"",A12+1),"") -> 10 | B13: =IF(A13="","",RANDBETWEEN($C$1,$C$2)) -> 4 | C13: =IFERROR($C$1-1+_xlfn.RANK.EQ(B13,$B$4:$B$40)+COUNTIF(B$4:$B13,B13)-1,"") -> 9 | D13: =IFERROR(VLOOKUP(C13,'Declarative sentences'!A:B,2,0),"") -> 1.9 | E13: =IFERROR(VLOOKUP(D13&"Viet",'Declarative sentences'!C:D,2,0),"") -> Cậu có định lát nữa quay lại văn phòng không? | F13: =IFERROR(VLOOKUP(D13&"Eng",'Declarative sentences'!C:D,2,0),"")
A14: =IFERROR(IF(A13+1>$C$2,"",A13+1),"") | B14: =IF(A14="","",RANDBETWEEN($C$1,$C$2)) | C14: =IFERROR($C$1-1+_xlfn.RANK.EQ(B14,$B$4:$B$40)+COUNTIF(B$4:$B14,B14)-1,"") | D14: =IFERROR(VLOOKUP(C14,'Declarative sentences'!A:B,2,0),"") | E14: =IFERROR(VLOOKUP(D14&"Viet",'Declarative sentences'!C:D,2,0),"") | F14: =IFERROR(VLOOKUP(D14&"Eng",'Declarative sentences'!C:D,2,0),"")
A15: =IFERROR(IF(A14+1>$C$2,"",A14+1),"") | B15: =IF(A15="","",RANDBETWEEN($C$1,$C$2)) | C15: =IFERROR($C$1-1+_xlfn.RANK.EQ(B15,$B$4:$B$40)+COUNTIF(B$4:$B15,B15)-1,"") | D15: =IFERROR(VLOOKUP(C15,'Declarative sentences'!A:B,2,0),"") | E15: =IFERROR(VLOOKUP(D15&"Viet",'Declarative sentences'!C:D,2,0),"") | F15: =IFERROR(VLOOKUP(D15&"Eng",'Declarative sentences'!C:D,2,0),"")
A16: =IFERROR(IF(A15+1>$C$2,"",A15+1),"") | B16: =IF(A16="","",RANDBETWEEN($C$1,$C$2)) | C16: =IFERROR($C$1-1+_xlfn.RANK.EQ(B16,$B$4:$B$40)+COUNTIF(B$4:$B16,B16)-1,"") | D16: =IFERROR(VLOOKUP(C16,'Declarative sentences'!A:B,2,0),"") | E16: =IFERROR(VLOOKUP(D16&"Viet",'Declarative sentences'!C:D,2,0),"") | F16: =IFERROR(VLOOKUP(D16&"Eng",'Declarative sentences'!C:D,2,0),"")
A17: =IFERROR(IF(A16+1>$C$2,"",A16+1),"") | B17: =IF(A17="","",RANDBETWEEN($C$1,$C$2)) | C17: =IFERROR($C$1-1+_xlfn.RANK.EQ(B17,$B$4:$B$40)+COUNTIF(B$4:$B17,B17)-1,"") | D17: =IFERROR(VLOOKUP(C17,'Declarative sentences'!A:B,2,0),"") | E17: =IFERROR(VLOOKUP(D17&"Viet",'Declarative sentences'!C:D,2,0),"") | F17: =IFERROR(VLOOKUP(D17&"Eng",'Declarative sentences'!C:D,2,0),"") | L17: 4
A18: =IFERROR(IF(A17+1>$C$2,"",A17+1),"") | B18: =IF(A18="","",RANDBETWEEN($C$1,$C$2)) | C18: =IFERROR($C$1-1+_xlfn.RANK.EQ(B18,$B$4:$B$40)+COUNTIF(B$4:$B18,B18)-1,"") | D18: =IFERROR(VLOOKUP(C18,'Declarative sentences'!A:B,2,0),"") | E18: =IFERROR(VLOOKUP(D18&"Viet",'Declarative sentences'!C:D,2,0),"") | F18: =IFERROR(VLOOKUP(D18&"Eng",'Declarative sentences'!C:D,2,0),"")
A19: =IFERROR(IF(A18+1>$C$2,"",A18+1),"") | B19: =IF(A19="","",RANDBETWEEN($C$1,$C$2)) | C19: =IFERROR($C$1-1+_xlfn.RANK.EQ(B19,$B$4:$B$40)+COUNTIF(B$4:$B19,B19)-1,"") | D19: =IFERROR(VLOOKUP(C19,'Declarative sentences'!A:B,2,0),"") | E19: =IFERROR(VLOOKUP(D19&"Viet",'Declarative sentences'!C:D,2,0),"") | F19: =IFERROR(VLOOKUP(D19&"Eng",'Declarative sentences'!C:D,2,0),"") | L19: p
A20: =IFERROR(IF(A19+1>$C$2,"",A19+1),"") | B20: =IF(A20="","",RANDBETWEEN($C$1,$C$2)) | C20: =IFERROR($C$1-1+_xlfn.RANK.EQ(B20,$B$4:$B$40)+COUNTIF(B$4:$B20,B20)-1,"") | D20: =IFERROR(VLOOKUP(C20,'Declarative sentences'!A:B,2,0),"") | E20: =IFERROR(VLOOKUP(D20&"Viet",'Declarative sentences'!C:D,2,0),"") | F20: =IFERROR(VLOOKUP(D20&"Eng",'Declarative sentences'!C:D,2,0),"")
A21: =IFERROR(IF(A20+1>$C$2,"",A20+1),"") | B21: =IF(A21="","",RANDBETWEEN($C$1,$C$2)) | C21: =IFERROR($C$1-1+_xlfn.RANK.EQ(B21,$B$4:$B$40)+COUNTIF(B$4:$B21,B21)-1,"") | D21: =IFERROR(VLOOKUP(C21,'Declarative sentences'!A:B,2,0),"") | E21: =IFERROR(VLOOKUP(D21&"Viet",'Declarative sentences'!C:D,2,0),"") | F21: =IFERROR(VLOOKUP(D21&"Eng",'Declarative sentences'!C:D,2,0),"")
A22: =IFERROR(IF(A21+1>$C$2,"",A21+1),"") | B22: =IF(A22="","",RANDBETWEEN($C$1,$C$2)) | C22: =IFERROR($C$1-1+_xlfn.RANK.EQ(B22,$B$4:$B$40)+COUNTIF(B$4:$B22,B22)-1,"") | D22: =IFERROR(VLOOKUP(C22,'Declarative sentences'!A:B,2,0),"") | E22: =IFERROR(VLOOKUP(D22&"Viet",'Declarative sentences'!C:D,2,0),"") | F22: =IFERROR(VLOOKUP(D22&"Eng",'Declarative sentences'!C:D,2,0),"")
A23: =IFERROR(IF(A22+1>$C$2,"",A22+1),"") | B23: =IF(A23="","",RANDBETWEEN($C$1,$C$2)) | C23: =IFERROR($C$1-1+_xlfn.RANK.EQ(B23,$B$4:$B$40)+COUNTIF(B$4:$B23,B23)-1,"") | D23: =IFERROR(VLOOKUP(C23,'Declarative sentences'!A:B,2,0),"") | E23: =IFERROR(VLOOKUP(D23&"Viet",'Declarative sentences'!C:D,2,0),"") | F23: =IFERROR(VLOOKUP(D23&"Eng",'Declarative sentences'!C:D,2,0),"")
A24: =IFERROR(IF(A23+1>$C$2,"",A23+1),"") | B24: =IF(A24="","",RANDBETWEEN($C$1,$C$2)) | C24: =IFERROR($C$1-1+_xlfn.RANK.EQ(B24,$B$4:$B$40)+COUNTIF(B$4:$B24,B24)-1,"") | D24: =IFERROR(VLOOKUP(C24,'Declarative sentences'!A:B,2,0),"") | E24: =IFERROR(VLOOKUP(D24&"Viet",'Declarative sentences'!C:D,2,0),"") | F24: =IFERROR(VLOOKUP(D24&"Eng",'Declarative sentences'!C:D,2,0),"")
A25: =IFERROR(IF(A24+1>$C$2,"",A24+1),"") | B25: =IF(A25="","",RANDBETWEEN($C$1,$C$2)) | C25: =IFERROR($C$1-1+_xlfn.RANK.EQ(B25,$B$4:$B$40)+COUNTIF(B$4:$B25,B25)-1,"") | D25: =IFERROR(VLOOKUP(C25,'Declarative sentences'!A:B,2,0),"") | E25: =IFERROR(VLOOKUP(D25&"Viet",'Declarative sentences'!C:D,2,0),"") | F25: =IFERROR(VLOOKUP(D25&"Eng",'Declarative sentences'!C:D,2,0),"")
A26: =IFERROR(IF(A25+1>$C$2,"",A25+1),"") | B26: =IF(A26="","",RANDBETWEEN($C$1,$C$2)) | C26: =IFERROR($C$1-1+_xlfn.RANK.EQ(B26,$B$4:$B$40)+COUNTIF(B$4:$B26,B26)-1,"") | D26: =IFERROR(VLOOKUP(C26,'Declarative sentences'!A:B,2,0),"") | E26: =IFERROR(VLOOKUP(D26&"Viet",'Declarative sentences'!C:D,2,0),"") | F26: =IFERROR(VLOOKUP(D26&"Eng",'Declarative sentences'!C:D,2,0),"")
A27: =IFERROR(IF(A26+1>$C$2,"",A26+1),"") | B27: =IF(A27="","",RANDBETWEEN($C$1,$C$2)) | C27: =IFERROR($C$1-1+_xlfn.RANK.EQ(B27,$B$4:$B$40)+COUNTIF(B$4:$B27,B27)-1,"") | D27: =IFERROR(VLOOKUP(C27,'Declarative sentences'!A:B,2,0),"") | E27: =IFERROR(VLOOKUP(D27&"Viet",'Declarative sentences'!C:D,2,0),"") | F27: =IFERROR(VLOOKUP(D27&"Eng",'Declarative sentences'!C:D,2,0),"")
A28: =IFERROR(IF(A27+1>$C$2,"",A27+1),"") | B28: =IF(A28="","",RANDBETWEEN($C$1,$C$2)) | C28: =IFERROR($C$1-1+_xlfn.RANK.EQ(B28,$B$4:$B$40)+COUNTIF(B$4:$B28,B28)-1,"") | D28: =IFERROR(VLOOKUP(C28,'Declarative sentences'!A:B,2,0),"") | E28: =IFERROR(VLOOKUP(D28&"Viet",'Declarative sentences'!C:D,2,0),"") | F28: =IFERROR(VLOOKUP(D28&"Eng",'Declarative sentences'!C:D,2,0),"")
A29: =IFERROR(IF(A28+1>$C$2,"",A28+1),"") | B29: =IF(A29="","",RANDBETWEEN($C$1,$C$2)) | C29: =IFERROR($C$1-1+_xlfn.RANK.EQ(B29,$B$4:$B$40)+COUNTIF(B$4:$B29,B29)-1,"") | D29: =IFERROR(VLOOKUP(C29,'Declarative sentences'!A:B,2,0),"") | E29: =IFERROR(VLOOKUP(D29&"Viet",'Declarative sentences'!C:D,2,0),"") | F29: =IFERROR(VLOOKUP(D29&"Eng",'Declarative sentences'!C:D,2,0),"")
A30: =IFERROR(IF(A29+1>$C$2,"",A29+1),"") | B30: =IF(A30="","",RANDBETWEEN($C$1,$C$2)) | C30: =IFERROR($C$1-1+_xlfn.RANK.EQ(B30,$B$4:$B$40)+COUNTIF(B$4:$B30,B30)-1,"") | D30: =IFERROR(VLOOKUP(C30,'Declarative sentences'!A:B,2,0),"") | E30: =IFERROR(VLOOKUP(D30&"Viet",'Declarative sentences'!C:D,2,0),"") | F30: =IFERROR(VLOOKUP(D30&"Eng",'Declarative sentences'!C:D,2,0),"")
A31: =IFERROR(IF(A30+1>$C$2,"",A30+1),"") | B31: =IF(A31="","",RANDBETWEEN($C$1,$C$2)) | C31: =IFERROR($C$1-1+_xlfn.RANK.EQ(B31,$B$4:$B$40)+COUNTIF(B$4:$B31,B31)-1,"") | D31: =IFERROR(VLOOKUP(C31,'Declarative sentences'!A:B,2,0),"") | E31: =IFERROR(VLOOKUP(D31&"Viet",'Declarative sentences'!C:D,2,0),"") | F31: =IFERROR(VLOOKUP(D31&"Eng",'Declarative sentences'!C:D,2,0),"")
... A72: =IFERROR(IF(A71+1>$C$2,"",A71+1),"") | B72: =IF(A72="","",RANDBETWEEN($C$1,$C$2)) | C72: =IFERROR($C$1-1+_xlfn.RANK.EQ(B72,$B$4:$B$40)+COUNTIF(B$4:$B72,B72)-1,"") | D72: =IFERROR(VLOOKUP(C72,'Declarative sentences'!A:B,2,0),"") | E72: =IFERROR(VLOOKUP(D72&"Viet",'Declarative sentences'!C:D,2,0),"") | F72: =IFERROR(VLOOKUP(D72&"Eng",'Declarative sentences'!C:D,2,0),"")
A73: =IFERROR(IF(A72+1>$C$2,"",A72+1),"") | B73: =IF(A73="","",RANDBETWEEN($C$1,$C$2)) | C73: =IFERROR($C$1-1+_xlfn.RANK.EQ(B73,$B$4:$B$40)+COUNTIF(B$4:$B73,B73)-1,"") | D73: =IFERROR(VLOOKUP(C73,'Declarative sentences'!A:B,2,0),"")
A74: =IFERROR(IF(A73+1>$C$2,"",A73+1),"") | B74: =IF(A74="","",RANDBETWEEN($C$1,$C$2)) | C74: =IFERROR($C$1-1+_xlfn.RANK.EQ(B74,$B$4:$B$40)+COUNTIF(B$4:$B74,B74)-1,"") | D74: =IFERROR(VLOOKUP(C74,'Declarative sentences'!A:B,2,0),"")
A75: =IFERROR(IF(A74+1>$C$2,"",A74+1),"") | B75: =IF(A75="","",RANDBETWEEN($C$1,$C$2)) | C75: =IFERROR($C$1-1+_xlfn.RANK.EQ(B75,$B$4:$B$40)+COUNTIF(B$4:$B75,B75)-1,"") | D75: =IFERROR(VLOOKUP(C75,'Declarative sentences'!A:B,2,0),"")
A76: =IFERROR(IF(A75+1>$C$2,"",A75+1),"") | B76: =IF(A76="","",RANDBETWEEN($C$1,$C$2)) | C76: =IFERROR($C$1-1+_xlfn.RANK.EQ(B76,$B$4:$B$40)+COUNTIF(B$4:$B76,B76)-1,"") | D76: =IFERROR(VLOOKUP(C76,'Declarative sentences'!A:B,2,0),"")
A77: =IFERROR(IF(A76+1>$C$2,"",A76+1),"") | B77: =IF(A77="","",RANDBETWEEN($C$1,$C$2)) | C77: =IFERROR($C$1-1+_xlfn.RANK.EQ(B77,$B$4:$B$40)+COUNTIF(B$4:$B77,B77)-1,"") | D77: =IFERROR(VLOOKUP(C77,'Declarative sentences'!A:B,2,0),"")
A78: =IFERROR(IF(A77+1>$C$2,"",A77+1),"") | B78: =IF(A78="","",RANDBETWEEN($C$1,$C$2)) | C78: =IFERROR($C$1-1+_xlfn.RANK.EQ(B78,$B$4:$B$40)+COUNTIF(B$4:$B78,B78)-1,"") | D78: =IFERROR(VLOOKUP(C78,'Declarative sentences'!A:B,2,0),"")
A79: =IFERROR(IF(A78+1>$C$2,"",A78+1),"") | B79: =IF(A79="","",RANDBETWEEN($C$1,$C$2)) | C79: =IFERROR($C$1-1+_xlfn.RANK.EQ(B79,$B$4:$B$40)+COUNTIF(B$4:$B79,B79)-1,"") | D79: =IFERROR(VLOOKUP(C79,'Declarative sentences'!A:B,2,0),"")
A80: =IFERROR(IF(A79+1>$C$2,"",A79+1),"") | B80: =IF(A80="","",RANDBETWEEN($C$1,$C$2)) | C80: =IFERROR($C$1-1+_xlfn.RANK.EQ(B80,$B$4:$B$40)+COUNTIF(B$4:$B80,B80)-1,"") | D80: =IFERROR(VLOOKUP(C80,'Declarative sentences'!A:B,2,0),"")
A81: =IFERROR(IF(A80+1>$C$2,"",A80+1),"") | B81: =IF(A81="","",RANDBETWEEN($C$1,$C$2)) | C81: =IFERROR($C$1-1+_xlfn.RANK.EQ(B81,$B$4:$B$40)+COUNTIF(B$4:$B81,B81)-1,"") | D81: =IFERROR(VLOOKUP(C81,'Declarative sentences'!A:B,2,0),"")
A82: =IFERROR(IF(A81+1>$C$2,"",A81+1),"") | B82: =IF(A82="","",RANDBETWEEN($C$1,$C$2)) | C82: =IFERROR($C$1-1+_xlfn.RANK.EQ(B82,$B$4:$B$40)+COUNTIF(B$4:$B82,B82)-1,"") | D82: =IFERROR(VLOOKUP(C82,'Declarative sentences'!A:B,2,0),"")
A83: =IFERROR(IF(A82+1>$C$2,"",A82+1),"") | B83: =IF(A83="","",RANDBETWEEN($C$1,$C$2)) | C83: =IFERROR($C$1-1+_xlfn.RANK.EQ(B83,$B$4:$B$40)+COUNTIF(B$4:$B83,B83)-1,"") | D83: =IFERROR(VLOOKUP(C83,'Declarative sentences'!A:B,2,0),"")
A84: =IFERROR(IF(A83+1>$C$2,"",A83+1),"") | B84: =IF(A84="","",RANDBETWEEN($C$1,$C$2)) | C84: =IFERROR($C$1-1+_xlfn.RANK.EQ(B84,$B$4:$B$40)+COUNTIF(B$4:$B84,B84)-1,"") | D84: =IFERROR(VLOOKUP(C84,'Declarative sentences'!A:B,2,0),"")
... A142: =IFERROR(IF(A141+1>$C$2,"",A141+1),"") | B142: =IF(A142="","",RANDBETWEEN($C$1,$C$2)) | C142: =IFERROR($C$1-1+_xlfn.RANK.EQ(B142,$B$4:$B$40)+COUNTIF(B$4:$B142,B142)-1,"") | D142: =IFERROR(VLOOKUP(C142,'Declarative sentences'!A:B,2,0),"")
A143: =IFERROR(IF(A142+1>$C$2,"",A142+1),"") | B143: =IF(A143="","",RANDBETWEEN($C$1,$C$2))
A144: =IFERROR(IF(A143+1>$C$2,"",A143+1),"") | B144: =IF(A144="","",RANDBETWEEN($C$1,$C$2))
A145: =IFERROR(IF(A144+1>$C$2,"",A144+1),"") | B145: =IF(A145="","",RANDBETWEEN($C$1,$C$2))
A146: =IFERROR(IF(A145+1>$C$2,"",A145+1),"") | B146: =IF(A146="","",RANDBETWEEN($C$1,$C$2))
A147: =IFERROR(IF(A146+1>$C$2,"",A146+1),"") | B147: =IF(A147="","",RANDBETWEEN($C$1,$C$2))
A148: =IFERROR(IF(A147+1>$C$2,"",A147+1),"") | B148: =IF(A148="","",RANDBETWEEN($C$1,$C$2))
A149: =IFERROR(IF(A148+1>$C$2,"",A148+1),"") | B149: =IF(A149="","",RANDBETWEEN($C$1,$C$2))
A150: =IFERROR(IF(A149+1>$C$2,"",A149+1),"") | B150: =IF(A150="","",RANDBETWEEN($C$1,$C$2))
A151: =IFERROR(IF(A150+1>$C$2,"",A150+1),"") | B151: =IF(A151="","",RANDBETWEEN($C$1,$C$2))
A152: =IFERROR(IF(A151+1>$C$2,"",A151+1),"") | B152: =IF(A152="","",RANDBETWEEN($C$1,$C$2))
A153: =IFERROR(IF(A152+1>$C$2,"",A152+1),"") | B153: =IF(A153="","",RANDBETWEEN($C$1,$C$2))
A154: =IFERROR(IF(A153+1>$C$2,"",A153+1),"") | B154: =IF(A154="","",RANDBETWEEN($C$1,$C$2))
... A295: =IFERROR(IF(A294+1>$C$2,"",A294+1),"") | B295: =IF(A295="","",RANDBETWEEN($C$1,$C$2))

Sheet Sheet1
C1: dfdfsd | D1: dxasdas
A2: 1 | B2: =A2&D2 -> 1Struc | C2: 1. I’M GOING TO... /Tôi sẽ... / | D2: Struc | E2: =C2 -> 1. I’M GOING TO... /Tôi sẽ... /
A3: 1.1 | B3: =A3&D3 -> 1.1Viet | C3: Tôi sẽ đi tắm. | D3: Viet | E3: =A3&". "&C3 -> 1.1. Tôi sẽ đi tắm.
A4: 1.1 | B4: =A4&D4 -> 1.1Anh | C4: I’m going to take a shower. | D4: Anh | E4: =C4 -> I’m going to take a shower.
A5: 1.1 | B5: =A5&D5 -> 1.1Phon | C5: aɪm ˈgoʊɪŋ tu: teɪk ə ˈʃaʊər | D5: Phon | E5: =C5 -> aɪm ˈgoʊɪŋ tu: teɪk ə ˈʃaʊər
A6: 1.2 | B6: =A6&D6 -> 1.2Viet | C6: Tôi sẽ chợp mắt một chút. | D6: Viet | E6: =A6&". "&C6 -> 1.2. Tôi sẽ chợp mắt một chút.
A7: 1.2 | B7: =A7&D7 -> 1.2Anh | C7: I’m going to take a quick nap. | D7: Anh | E7: =C7 -> I’m going to take a quick nap.
A8: 1.2 | B8: =A8&D8 -> 1.2Phon | C8: aɪm ˈgoʊɪŋ tu: teɪk ə kwɪk næp | D8: Phon | E8: =C8 -> aɪm ˈgoʊɪŋ tu: teɪk ə kwɪk næp
A9: 1.3 | B9: =A9&D9 -> 1.3Viet | C9: Tôi sẽ đi tìm chứng cứ. | D9: Viet | E9: =A9&". "&C9 -> 1.3. Tôi sẽ đi tìm chứng cứ.
A10: 1.3 | B10: =A10&D10 -> 1.3Anh | C10: I’m going to find some evidence. | D10: Anh | E10: =C10 -> I’m going to find some evidence.
A11: 1.3 | B11: =A11&D11 -> 1.3Phon | C11: aɪm ˈgoʊɪŋ tu: faɪnd sʌm ˈɛvədəns | D11: Phon | E11: =C11 -> aɪm ˈgoʊɪŋ tu: faɪnd sʌm ˈɛvədəns
A12: 1.4 | B12: =A12&D12 -> 1.4Viet | C12: Tôi sẽ không tranh cãi với cậu. | D12: Viet | E12: =A12&". "&C12 -> 1.4. Tôi sẽ không tranh cãi với cậu.
A13: 1.4 | B13: =A13&D13 -> 1.4Anh | C13: I’m not going to argue with you. | D13: Anh | E13: =C13 -> I’m not going to argue with you.
A14: 1.4 | B14: =A14&D14 -> 1.4Phon | C14: aɪm na:t ˈgoʊɪŋ tu: ˈa:rgju: wɪð ju: | D14: Phon | E14: =C14 -> aɪm na:t ˈgoʊɪŋ tu: ˈa:rgju: wɪð ju:
A15: 1.5 | B15: =A15&D15 -> 1.5Viet | C15: Tôi sẽ không tỏ ra lịch sự với anh ấy. | D15: Viet | E15: =A15&". "&C15 -> 1.5. Tôi sẽ không tỏ ra lịch sự với anh ấy.
A16: 1.5 | B16: =A16&D16 -> 1.5Anh | C16: I’m not going to be polite to him. | D16: Anh | E16: =C16 -> I’m not going to be polite to him.
A17: 1.5 | B17: =A17&D17 -> 1.5Phon | C17: aɪm na:t ˈgoʊɪŋ tu: bi: pəˈlaɪt tu: hɪm | D17: Phon | E17: =C17 -> aɪm na:t ˈgoʊɪŋ tu: bi: pəˈlaɪt tu: hɪm
A18: 1.6 | B18: =A18&D18 -> 1.6Viet | C18: Tôi sẽ không phản bội cậu. | D18: Viet | E18: =A18&". "&C18 -> 1.6. Tôi sẽ không phản bội cậu.
A19: 1.6 | B19: =A19&D19 -> 1.6Anh | C19: I’m not going to betray you. | D19: Anh | E19: =C19 -> I’m not going to betray you.
A20: 1.6 | B20: =A20&D20 -> 1.6Phon | C20: aɪm na:t ˈgoʊɪŋ tu: bɪˈtreɪ ju: | D20: Phon | E20: =C20 -> aɪm na:t ˈgoʊɪŋ tu: bɪˈtreɪ ju:
A21: 1.7 | B21: =A21&D21 -> 1.7Viet | C21: Cậu sẽ ổn khi không có cô ấy chứ? | D21: Viet | E21: =A21&". "&C21 -> 1.7. Cậu sẽ ổn khi không có cô ấy chứ?
A22: 1.7 | B22: =A22&D22 -> 1.7Anh | C22: Are you going to be ok without her? | D22: Anh | E22: =C22 -> Are you going to be ok without her?
A23: 1.7 | B23: =A23&D23 -> 1.7Phon | C23: a:r ju: ˈgoʊɪŋ tu: bi: oʊˈkeɪ wɪˈðaʊt hɜ:r | D23: Phon | E23: =C23 -> a:r ju: ˈgoʊɪŋ tu: bi: oʊˈkeɪ wɪˈðaʊt hɜ:r
A24: 1.8 | B24: =A24&D24 -> 1.8Viet | C24: Cậu có định đi chơi với cô ấy không? | D24: Viet | E24: =A24&". "&C24 -> 1.8. Cậu có định đi chơi với cô ấy không?
A25: 1.8 | B25: =A25&D25 -> 1.8Anh | C25: Are you going to go out with her? | D25: Anh | E25: =C25 -> Are you going to go out with her?
A26: 1.8 | B26: =A26&D26 -> 1.8Phon | C26: a:r ju: ˈgoʊɪŋ tu: goʊ aʊt wɪð hɜ:r | D26: Phon | E26: =C26 -> a:r ju: ˈgoʊɪŋ tu: goʊ aʊt wɪð hɜ:r
A27: 1.9 | B27: =A27&D27 -> 1.9Viet | C27: Cậu có định lát nữa quay lại văn phòng không? | D27: Viet | E27: =A27&". "&C27 -> 1.9. Cậu có định lát nữa quay lại văn phòng không?
A28: 1.9 | B28: =A28&D28 -> 1.9Anh | C28: Are you going to be back in the office later? | D28: Anh | E28: =C28 -> Are you going to be back in the office later?
A29: 1.9 | B29: =A29&D29 -> 1.9Phon | C29: a:r ju: ˈgoʊɪŋ tu: bi: bæk ɪn ði: ˈa:fɪs ˈleɪtər | D29: Phon | E29: =C29 -> a:r ju: ˈgoʊɪŋ tu: bi: bæk ɪn ði: ˈa:fɪs ˈleɪtər
A30: 2 | B30: =A30&D30 -> 2Struc | C30: 2. I WILL... /Tôi sẽ.../ | D30: Struc | E30: =C30 -> 2. I WILL... /Tôi sẽ.../
A31: 2.1 | B31: =A31&D31 -> 2.1Viet | C31: Tôi sẽ kể cho cậu chuyện này. | D31: Viet | E31: =A31&". "&C31 -> 2.1. Tôi sẽ kể cho cậu chuyện này.
A32: 2.1 | B32: =A32&D32 -> 2.1Anh | C32: I will tell you this. | D32: Anh | E32: =C32 -> I will tell you this.
A33: 2.1 | B33: =A33&D33 -> 2.1Phon | C33: aɪ wɪl tɛl ju: ðɪs | D33: Phon | E33: =C33 -> aɪ wɪl tɛl ju: ðɪs
A34: 2.2 | B34: =A34&D34 -> 2.2Viet | C34: Tôi sẽ thay đổi kiểu tóc. | D34: Viet | E34: =A34&". "&C34 -> 2.2. Tôi sẽ thay đổi kiểu tóc.
A35: 2.2 | B35: =A35&D35 -> 2.2Anh | C35: I will change my hairstyle. | D35: Anh | E35: =C35 -> I will change my hairstyle.
A36: 2.2 | B36: =A36&D36 -> 2.2Phon | C36: aɪ wɪl ʧeɪnʤ maɪ ˈhɛrstaɪl | D36: Phon | E36: =C36 -> aɪ wɪl ʧeɪnʤ maɪ ˈhɛrstaɪl
A37: 2.3 | B37: =A37&D37 -> 2.3Viet | C37: Tôi sẽ giữ bí mật. | D37: Viet | E37: =A37&". "&C37 -> 2.3. Tôi sẽ giữ bí mật.
A38: 2.3 | B38: =A38&D38 -> 2.3Anh | C38: I will keep it secret. | D38: Anh | E38: =C38 -> I will keep it secret.
A39: 2.3 | B39: =A39&D39 -> 2.3Phon | C39: aɪ wɪl ki:p ɪt ˈsi:krət | D39: Phon | E39: =C39 -> aɪ wɪl ki:p ɪt ˈsi:krət
A40: 2.4 | B40: =A40&D40 -> 2.4Viet | C40: Tôi sẽ không lặp lại chuyện đó. | D40: Viet | E40: =A40&". "&C40 -> 2.4. Tôi sẽ không lặp lại chuyện đó.
A41: 2.4 | B41: =A41&D41 -> 2.4Anh | C41: I won’t do that again. | D41: Anh | E41: =C41 -> I won’t do that again.
A42: 2.4 | B42: =A42&D42 -> 2.4Phon | C42: aɪ woʊnt du: ðæt əˈgɛn | D42: Phon | E42: =C42 -> aɪ woʊnt du: ðæt əˈgɛn
A43: 2.5 | B43: =A43&D43 -> 2.5Viet | C43: Tôi sẽ không để chuyện đó xảy ra nữa. | D43: Viet | E43: =A43&". "&C43 -> 2.5. Tôi sẽ không để chuyện đó xảy ra nữa.
A44: 2.5 | B44: =A44&D44 -> 2.5Anh | C44: I won’t let it happen again. | D44: Anh | E44: =C44 -> I won’t let it happen again.
A45: 2.5 | B45: =A45&D45 -> 2.5Phon | C45: aɪ woʊnt lɛt ɪt ˈhæpən əˈgɛn | D45: Phon | E45: =C45 -> aɪ woʊnt lɛt ɪt ˈhæpən əˈgɛn
A46: 2.6 | B46: =A46&D46 -> 2.6Viet | C46: Tôi sẽ không từ bỏ. | D46: Viet | E46: =A46&". "&C46 -> 2.6. Tôi sẽ không từ bỏ.
A47: 2.6 | B47: =A47&D47 -> 2.6Anh | C47: I won’t give up. | D47: Anh | E47: =C47 -> I won’t give up.
A48: 2.6 | B48: =A48&D48 -> 2.6Phon | C48: aɪ woʊnt gɪv ʌp | D48: Phon | E48: =C48 -> aɪ woʊnt gɪv ʌp
A49: 2.7 | B49: =A49&D49 -> 2.7Viet | C49: Chắc sẽ vui. | D49: Viet | E49: =A49&". "&C49 -> 2.7. Chắc sẽ vui.
A50: 2.7 | B50: =A50&D50 -> 2.7Anh | C50: It will be fun. | D50: Anh | E50: =C50 -> It will be fun.
A51: 2.7 | B51: =A51&D51 -> 2.7Phon | C51: ɪt wɪl bi: fʌn | D51: Phon | E51: =C51 -> ɪt wɪl bi: fʌn
A52: 2.8 | B52: =A52&D52 -> 2.8Viet | C52: Chắc là sẽ lâu hơn dự tính. | D52: Viet | E52: =A52&". "&C52 -> 2.8. Chắc là sẽ lâu hơn dự tính.
A53: 2.8 | B53: =A53&D53 -> 2.8Anh | C53: It will take longer than expected. | D53: Anh | E53: =C53 -> It will take longer than expected.
A54: 2.8 | B54: =A54&D54 -> 2.8Phon | C54: ɪt wɪl teɪk ˈlɔ:ŋgər ðæn ɪkˈspektɪd | D54: Phon | E54: =C54 -> ɪt wɪl teɪk ˈlɔ:ŋgər ðæn ɪkˈspektɪd
A55: 2.9 | B55: =A55&D55 -> 2.9Viet | C55: Chắc không làm cậu chán đâu. | D55: Viet | E55: =A55&". "&C55 -> 2.9. Chắc không làm cậu chán đâu.
A56: 2.9 | B56: =A56&D56 -> 2.9Anh | C56: It will not bore you. | D56: Anh | E56: =C56 -> It will not bore you.
A57: 2.9 | B57: =A57&D57 -> 2.9Phon | C57: ɪt wɪl na:t bɔ:r ju: | D57: Phon | E57: =C57 -> ɪt wɪl na:t bɔ:r ju:
A58: 3 | B58: =A58&D58 -> 3Struc | C58: 3. I AM + V-ING... /Tôi sẽ... / | D58: Struc | E58: =C58 -> 3. I AM + V-ING... /Tôi sẽ... /
A59: 3.1 | B59: =A59&D59 -> 3.1Viet | C59: Tôi sẽ đi ngay đây. | D59: Viet | E59: =A59&". "&C59 -> 3.1. Tôi sẽ đi ngay đây.
A60: 3.1 | B60: =A60&D60 -> 3.1Anh | C60: I’m leaving in a moment. | D60: Anh | E60: =C60 -> I’m leaving in a moment.
A61: 3.1 | B61: =A61&D61 -> 3.1Phon | C61: aɪm ˈli:vɪŋ ɪn ə ˈmoʊmənt | D61: Phon | E61: =C61 -> aɪm ˈli:vɪŋ ɪn ə ˈmoʊmənt
A62: 3.2 | B62: =A62&D62 -> 3.2Viet | C62: Tôi sẽ tắt điện thoại ngay đây. | D62: Viet | E62: =A62&". "&C62 -> 3.2. Tôi sẽ tắt điện thoại ngay đây.
A63: 3.2 | B63: =A63&D63 -> 3.2Anh | C63: I’m getting off the phone. | D63: Anh | E63: =C63 -> I’m getting off the phone.
A64: 3.2 | B64: =A64&D64 -> 3.2Phon | C64: aɪm ˈgɛtɪŋ a:f ðə foʊn | D64: Phon | E64: =C64 -> aɪm ˈgɛtɪŋ a:f ðə foʊn
A65: 3.3 | B65: =A65&D65 -> 3.3Viet | C65: Tôi sẽ quay lại làm việc sau 1 giờ nữa. | D65: Viet | E65: =A65&". "&C65 -> 3.3. Tôi sẽ quay lại làm việc sau 1 giờ nữa.
A66: 3.3 | B66: =A66&D66 -> 3.3Anh | C66: I’m getting back to work in an hour. | D66: Anh | E66: =C66 -> I’m getting back to work in an hour.
A67: 3.3 | B67: =A67&D67 -> 3.3Phon | C67: aɪm ˈgɛtɪŋ bæk tu: wɜ:rk ɪn ən ˈaʊər | D67: Phon | E67: =C67 -> aɪm ˈgɛtɪŋ bæk tu: wɜ:rk ɪn ən ˈaʊər
A68: 3.4 | B68: =A68&D68 -> 3.4Viet | C68: Tôi sẽ không làm chuyện này. | D68: Viet | E68: =A68&". "&C68 -> 3.4. Tôi sẽ không làm chuyện này.
A69: 3.4 | B69: =A69&D69 -> 3.4Anh | C69: I’m not doing this. | D69: Anh | E69: =C69 -> I’m not doing this.
A70: 3.4 | B70: =A70&D70 -> 3.4Phon | C70: aɪm na:t ˈdu:ɪŋ ðɪs | D70: Phon | E70: =C70 -> aɪm na:t ˈdu:ɪŋ ðɪs
A71: 3.5 | B71: =A71&D71 -> 3.5Viet | C71: Tôi sẽ không yêu cầu cậu làm chuyện này. | D71: Viet | E71: =A71&". "&C71 -> 3.5. Tôi sẽ không yêu cầu cậu làm chuyện này.
A72: 3.5 | B72: =A72&D72 -> 3.5Anh | C72: I’m not asking you to do this. | D72: Anh | E72: =C72 -> I’m not asking you to do this.
A73: 3.5 | B73: =A73&D73 -> 3.5Phon | C73: aɪm na:t ˈæskɪŋ ju: tu: du: ðɪs | D73: Phon | E73: =C73 -> aɪm na:t ˈæskɪŋ ju: tu: du: ðɪs
A74: 3.6 | B74: =A74&D74 -> 3.6Viet | C74: Tôi sẽ không bị mất ngủ vì chuyện này đâu. | D74: Viet | E74: =A74&". "&C74 -> 3.6. Tôi sẽ không bị mất ngủ vì chuyện này đâu.
A75: 3.6 | B75: =A75&D75 -> 3.6Anh | C75: I’m not losing sleep over it. | D75: Anh | E75: =C75 -> I’m not losing sleep over it.
A76: 3.6 | B76: =A76&D76 -> 3.6Phon | C76: aɪm na:t ˈlu:zɪŋ sli:p ˈoʊvər ɪt | D76: Phon | E76: =C76 -> aɪm na:t ˈlu:zɪŋ sli:p ˈoʊvər ɪt
A77: 3.7 | B77: =A77&D77 -> 3.7Viet | C77: Cậu có ở lại ăn tối không? | D77: Viet | E77: =A77&". "&C77 -> 3.7. Cậu có ở lại ăn tối không?
A78: 3.7 | B78: =A78&D78 -> 3.7Anh | C78: Are you staying for dinner? | D78: Anh | E78: =C78 -> Are you staying for dinner?
A79: 3.7 | B79: =A79&D79 -> 3.7Phon | C79: a:r ju: ˈsteɪɪŋ fɔ:r ˈdɪnər | D79: Phon | E79: =C79 -> a:r ju: ˈsteɪɪŋ fɔ:r ˈdɪnər
A80: 3.8 | B80: =A80&D80 -> 3.8Viet | C80: Cậu có đi hay không? | D80: Viet | E80: =A80&". "&C80 -> 3.8. Cậu có đi hay không?
A81: 3.8 | B81: =A81&D81 -> 3.8Anh | C81: Are you going or not? | D81: Anh | E81: =C81 -> Are you going or not?
A82: 3.8 | B82: =A82&D82 -> 3.8Phon | C82: a:r ju: ˈgoʊɪŋ ɔ:r na:t | D82: Phon | E82: =C82 -> a:r ju: ˈgoʊɪŋ ɔ:r na:t
A83: 4 | B83: =A83&D83 -> 4Struc | C83: 4. IT IS NOT... /Đấy không phải là.../ | D83: Struc | E83: =C83 -> 4. IT IS NOT... /Đấy không phải là.../
A84: 4.1 | B84: =A84&D84 -> 4.1Viet | C84: Không phải về cậu. | D84: Viet | E84: =A84&". "&C84 -> 4.1. Không phải về cậu.
A85: 4.1 | B85: =A85&D85 -> 4.1Anh | C85: It’s not about you. | D85: Anh | E85: =C85 -> It’s not about you.
A86: 4.1 | B86: =A86&D86 -> 4.1Phon | C86: ɪts na:t əˈbaʊt ju: | D86: Phon | E86: =C86 -> ɪts na:t əˈbaʊt ju:
A87: 4.2 | B87: =A87&D87 -> 4.2Viet | C87: Nó không đáng. | D87: Viet | E87: =A87&". "&C87 -> 4.2. Nó không đáng.
A88: 4.2 | B88: =A88&D88 -> 4.2Anh | C88: It’s not worth it. | D88: Anh | E88: =C88 -> It’s not worth it.
A89: 4.2 | B89: =A89&D89 -> 4.2Phon | C89: ɪts na:t wɜ:rθ ɪt | D89: Phon | E89: =C89 -> ɪts na:t wɜ:rθ ɪt
A90: 4.3 | B90: =A90&D90 -> 4.3Viet | C90: Nó không quan trọng đến thế. | D90: Viet | E90: =A90&". "&C90 -> 4.3. Nó không quan trọng đến thế.
A91: 4.3 | B91: =A91&D91 -> 4.3Anh | C91: It’s not that important. | D91: Anh | E91: =C91 -> It’s not that important.
A92: 4.3 | B92: =A92&D92 -> 4.3Phon | C92: ɪts na:t ðæt ɪmˈpɔ:rtənt | D92: Phon | E92: =C92 -> ɪts na:t ðæt ɪmˈpɔ:rtənt
A93: 4.4 | B93: =A93&D93 -> 4.4Viet | C93: Chuyện không phải lúc nào cũng đơn giản như thế. | D93: Viet | E93: =A93&". "&C93 -> 4.4. Chuyện không phải lúc nào cũng đơn giản như thế.
A94: 4.4 | B94: =A94&D94 -> 4.4Anh | C94: It’s not always that simple. | D94: Anh | E94: =C94 -> It’s not always that simple.
A95: 4.4 | B95: =A95&D95 -> 4.4Phon | C95: ɪts na:t ˈa:lweɪz ðæt ˈsɪmpəl | D95: Phon | E95: =C95 -> ɪts na:t ˈa:lweɪz ðæt ˈsɪmpəl
A96: 4.5 | B96: =A96&D96 -> 4.5Viet | C96: Người anh ấy muốn gặp không phải là tôi. | D96: Viet | E96: =A96&". "&C96 -> 4.5. Người anh ấy muốn gặp không phải là tôi.
A97: 4.5 | B97: =A97&D97 -> 4.5Anh | C97: It’s not me he wants to see. | D97: Anh | E97: =C97 -> It’s not me he wants to see.
A98: 4.5 | B98: =A98&D98 -> 4.5Phon | C98: ɪts na:t mi: hi: wa:nts tu: si: | D98: Phon | E98: =C98 -> ɪts na:t mi: hi: wa:nts tu: si:
A99: 4.6 | B99: =A99&D99 -> 4.6Viet | C99: Người cô ấy muốn nói chuyện không phải là tôi. | D99: Viet | E99: =A99&". "&C99 -> 4.6. Người cô ấy muốn nói chuyện không phải là tôi.
A100: 4.6 | B100: =A100&D100 -> 4.6Anh | C100: It’s not me she wants to talk to. | D100: Anh | E100: =C100 -> It’s not me she wants to talk to.
...

Sheet Sheet2
