Workbook

Sheet Question structure
B2: TOPIC:QUESTION AND STRUCTURE
A3: No | B3: NoSort | C3: No | D3: ID | E3: Sentence | F3: Type | G3: Link | H3: ID | I3: Copy Google drive to …
B4: 1001 | C4: 1 | D4: =C4&F4 -> 1Struc0 | E4: HOW + TOBE..? /(AI, CÁI GÌ) NHƯ THẾ NÀO?/ | F4: Struc0 | G4: =IF(H4="","","https://docs.google.com/uc?export=download&id="&H4) | H4: =IFERROR(LEFT(RIGHT(I4,LEN(I4)-32),LEN(RIGHT(I4,LEN(I4)-32))-17),"")
B5: 1002 | C5: 1.1 | D5: =C5&F5 -> 1.1Struc | E5: HOW IS/ARE..? /NHƯ THẾ NÀO?/ | F5: Struc | G5: =IF(H5="","","https://docs.google.com/uc?export=download&id="&H5) -> https://docs.google.com/uc?export=download&id=1z80hhUvTWE6zPjPyjLUzcMN8yPeUijos | H5: =IFERROR(LEFT(RIGHT(I5,LEN(I5)-32),LEN(RIGHT(I5,LEN(I5)-32))-17),"") -> 1z80hhUvTWE6zPjPyjLUzcMN8yPeUijos | I5: https://drive.google.com/file/d/1z80hhUvTWE6zPjPyjLUzcMN8yPeUijos/view?usp=sharing
B6: 1003 | C6: 1.1.1 | D6: =C6&F6 -> 1.1.1Viet | E6: Thời tiết thế nào? | F6: Viet | G6: =IF(H6="","","https://docs.google.com/uc?export=download&id="&H6) | H6: =IFERROR(LEFT(RIGHT(I6,LEN(I6)-32),LEN(RIGHT(I6,LEN(I6)-32))-17),"")
A7: 1 | B7: 1004 | C7: 1.1.1 | D7: =C7&F7 -> 1.1.1Eng | E7: How is the weather? | F7: Eng | G7: =IF(H7="","","https://docs.google.com/uc?export=download&id="&H7) | H7: =IFERROR(LEFT(RIGHT(I7,LEN(I7)-32),LEN(RIGHT(I7,LEN(I7)-32))-17),"")
B8: 1005 | C8: 1.1.1 | D8: =C8&F8 -> 1.1.1Phon | E8: haʊ ɪz ðə ˈwɛðər? | F8: Phon | G8: =IF(H8="","","https://docs.google.com/uc?export=download&id="&H8) | H8: =IFERROR(LEFT(RIGHT(I8,LEN(I8)-32),LEN(RIGHT(I8,LEN(I8)-32))-17),"")
B9: 1006 | C9: 1.1.2 | D9: =C9&F9 -> 1.1.2Viet | E9: Anh ấy khoẻ chứ? | F9: Viet | G9: =IF(H9="","","https://docs.google.com/uc?export=download&id="&H9) | H9: =IFERROR(LEFT(RIGHT(I9,LEN(I9)-32),LEN(RIGHT(I9,LEN(I9)-32))-17),"")
A10: 2 | B10: 1007 | C10: 1.1.2 | D10: =C10&F10 -> 1.1.2Eng | E10: How is he? | F10: Eng | G10: =IF(H10="","","https://docs.google.com/uc?export=download&id="&H10) | H10: =IFERROR(LEFT(RIGHT(I10,LEN(I10)-32),LEN(RIGHT(I10,LEN(I10)-32))-17),"")
B11: 1008 | C11: 1.1.2 | D11: =C11&F11 -> 1.1.2Phon | E11: haʊ ɪz hi? | F11: Phon | G11: =IF(H11="","","https://docs.google.com/uc?export=download&id="&H11) | H11: =IFERROR(LEFT(RIGHT(I11,LEN(I11)-32),LEN(RIGHT(I11,LEN(I11)-32))-17),"")
B12: 1009 | C12: 1.1.3 | D12: =C12&F12 -> 1.1.3Viet | E12: Dự án đang được tiến hành như thế nào rồi? | F12: Viet | G12: =IF(H12="","","https://docs.google.com/uc?export=download&id="&H12) | H12: =IFERROR(LEFT(RIGHT(I12,LEN(I12)-32),LEN(RIGHT(I12,LEN(I12)-32))-17),"")
A13: 3 | B13: 1010 | C13: 1.1.3 | D13: =C13&F13 -> 1.1.3Eng | E13: How is the project going? | F13: Eng | G13: =IF(H13="","","https://docs.google.com/uc?export=download&id="&H13) | H13: =IFERROR(LEFT(RIGHT(I13,LEN(I13)-32),LEN(RIGHT(I13,LEN(I13)-32))-17),"")
B14: 1011 | C14: 1.1.3 | D14: =C14&F14 -> 1.1.3Phon | E14: haʊ ɪz ðə ˈprɑʤɛkt ˈɡoʊɪŋ? | F14: Phon | G14: =IF(H14="","","https://docs.google.com/uc?export=download&id="&H14) | H14: =IFERROR(LEFT(RIGHT(I14,LEN(I14)-32),LEN(RIGHT(I14,LEN(I14)-32))-17),"")
B15: 1012 | C15: 1.1.4 | D15: =C15&F15 -> 1.1.4Viet | E15: Cậu dạo này thế nào? | F15: Viet | G15: =IF(H15="","","https://docs.google.com/uc?export=download&id="&H15) | H15: =IFERROR(LEFT(RIGHT(I15,LEN(I15)-32),LEN(RIGHT(I15,LEN(I15)-32))-17),"")
A16: 4 | B16: 1013 | C16: 1.1.4 | D16: =C16&F16 -> 1.1.4Eng | E16: How are you doing? | F16: Eng | G16: =IF(H16="","","https://docs.google.com/uc?export=download&id="&H16) | H16: =IFERROR(LEFT(RIGHT(I16,LEN(I16)-32),LEN(RIGHT(I16,LEN(I16)-32))-17),"")
B17: 1014 | C17: 1.1.4 | D17: =C17&F17 -> 1.1.4Phon | E17: haʊ ɑr ju ˈduɪŋ? | F17: Phon | G17: =IF(H17="","","https://docs.google.com/uc?export=download&id="&H17) | H17: =IFERROR(LEFT(RIGHT(I17,LEN(I17)-32),LEN(RIGHT(I17,LEN(I17)-32))-17),"")
B18: 1015 | C18: 1.2 | D18: =C18&F18 -> 1.2Struc | E18: HOW + ADJ + IS/ARE...? /ĐẾN MỨC NÀO?/ | F18: Struc | G18: =IF(H18="","","https://docs.google.com/uc?export=download&id="&H18) -> https://docs.google.com/uc?export=download&id=10Uw-DWjIQ15fWR9g7K5jJ6K1MVkRNUtK | H18: =IFERROR(LEFT(RIGHT(I18,LEN(I18)-32),LEN(RIGHT(I18,LEN(I18)-32))-17),"") -> 10Uw-DWjIQ15fWR9g7K5jJ6K1MVkRNUtK | I18: https://drive.google.com/file/d/10Uw-DWjIQ15fWR9g7K5jJ6K1MVkRNUtK/view?usp=sharing
B19: 1016 | C19: 1.2.1 | D19: =C19&F19 -> 1.2.1Viet | E19: Nó tệ đến mức nào? | F19: Viet | G19: =IF(H19="","","https://docs.google.com/uc?export=download&id="&H19) | H19: =IFERROR(LEFT(RIGHT(I19,LEN(I19)-32),LEN(RIGHT(I19,LEN(I19)-32))-17),"")
A20: 5 | B20: 1017 | C20: 1.2.1 | D20: =C20&F20 -> 1.2.1Eng | E20: How bad is it? | F20: Eng | G20: =IF(H20="","","https://docs.google.com/uc?export=download&id="&H20) | H20: =IFERROR(LEFT(RIGHT(I20,LEN(I20)-32),LEN(RIGHT(I20,LEN(I20)-32))-17),"")
B21: 1018 | C21: 1.2.1 | D21: =C21&F21 -> 1.2.1Phon | E21: haʊ bæd ɪz ɪt? | F21: Phon | G21: =IF(H21="","","https://docs.google.com/uc?export=download&id="&H21) | H21: =IFERROR(LEFT(RIGHT(I21,LEN(I21)-32),LEN(RIGHT(I21,LEN(I21)-32))-17),"")
B22: 1019 | C22: 1.2.2 | D22: =C22&F22 -> 1.2.2Viet | E22: Anh ấy ốm như thế nào? | F22: Viet | G22: =IF(H22="","","https://docs.google.com/uc?export=download&id="&H22) | H22: =IFERROR(LEFT(RIGHT(I22,LEN(I22)-32),LEN(RIGHT(I22,LEN(I22)-32))-17),"")
A23: 6 | B23: 1020 | C23: 1.2.2 | D23: =C23&F23 -> 1.2.2Eng | E23: How sick is he? | F23: Eng | G23: =IF(H23="","","https://docs.google.com/uc?export=download&id="&H23) | H23: =IFERROR(LEFT(RIGHT(I23,LEN(I23)-32),LEN(RIGHT(I23,LEN(I23)-32))-17),"")
B24: 1021 | C24: 1.2.2 | D24: =C24&F24 -> 1.2.2Phon | E24: haʊ sɪk ɪz hi? | F24: Phon | G24: =IF(H24="","","https://docs.google.com/uc?export=download&id="&H24) | H24: =IFERROR(LEFT(RIGHT(I24,LEN(I24)-32),LEN(RIGHT(I24,LEN(I24)-32))-17),"")
B25: 1022 | C25: 1.2.3 | D25: =C25&F25 -> 1.2.3Viet | E25: Cô ấy đẹp đến mức nào? | F25: Viet | G25: =IF(H25="","","https://docs.google.com/uc?export=download&id="&H25) | H25: =IFERROR(LEFT(RIGHT(I25,LEN(I25)-32),LEN(RIGHT(I25,LEN(I25)-32))-17),"")
A26: 7 | B26: 1023 | C26: 1.2.3 | D26: =C26&F26 -> 1.2.3Eng | E26: How beautiful is she? | F26: Eng | G26: =IF(H26="","","https://docs.google.com/uc?export=download&id="&H26) | H26: =IFERROR(LEFT(RIGHT(I26,LEN(I26)-32),LEN(RIGHT(I26,LEN(I26)-32))-17),"")
B27: 1024 | C27: 1.2.3 | D27: =C27&F27 -> 1.2.3Phon | E27: haʊ ˈbjutəfəl ɪz ʃi? | F27: Phon | G27: =IF(H27="","","https://docs.google.com/uc?export=download&id="&H27) | H27: =IFERROR(LEFT(RIGHT(I27,LEN(I27)-32),LEN(RIGHT(I27,LEN(I27)-32))-17),"")
B28: 1025 | C28: 1.2.4 | D28: =C28&F28 -> 1.2.4Viet | E28: Nó khó đến mức nào? | F28: Viet | G28: =IF(H28="","","https://docs.google.com/uc?export=download&id="&H28) | H28: =IFERROR(LEFT(RIGHT(I28,LEN(I28)-32),LEN(RIGHT(I28,LEN(I28)-32))-17),"")
A29: 8 | B29: 1026 | C29: 1.2.4 | D29: =C29&F29 -> 1.2.4Eng | E29: How difficult is it? | F29: Eng | G29: =IF(H29="","","https://docs.google.com/uc?export=download&id="&H29) | H29: =IFERROR(LEFT(RIGHT(I29,LEN(I29)-32),LEN(RIGHT(I29,LEN(I29)-32))-17),"")
B30: 1027 | C30: 1.2.4 | D30: =C30&F30 -> 1.2.4Phon | E30: haʊ ˈdɪfəkəlt ɪz ɪt? | F30: Phon | G30: =IF(H30="","","https://docs.google.com/uc?export=download&id="&H30) | H30: =IFERROR(LEFT(RIGHT(I30,LEN(I30)-32),LEN(RIGHT(I30,LEN(I30)-32))-17),"")
B31: 1028 | C31: 1.3 | D31: =C31&F31 -> 1.3Struc | E31: HOW WAS/WERE..? /ĐÃ NHƯ THẾ NÀO?/ | F31: Struc | G31: =IF(H31="","","https://docs.google.com/uc?export=download&id="&H31) -> https://docs.google.com/uc?export=download&id=12V2o1UvvCe1_Rj3819zXK0T9itbU_07U | H31: =IFERROR(LEFT(RIGHT(I31,LEN(I31)-32),LEN(RIGHT(I31,LEN(I31)-32))-17),"") -> 12V2o1UvvCe1_Rj3819zXK0T9itbU_07U | I31: https://drive.google.com/file/d/12V2o1UvvCe1_Rj3819zXK0T9itbU_07U/view?usp=sharing
B32: 1029 | C32: 1.3.1 | D32: =C32&F32 -> 1.3.1Viet | E32: Ngày hôm nay của cậu thế nào? | F32: Viet | G32: =IF(H32="","","https://docs.google.com/uc?export=download&id="&H32) | H32: =IFERROR(LEFT(RIGHT(I32,LEN(I32)-32),LEN(RIGHT(I32,LEN(I32)-32))-17),"")
A33: 9 | B33: 1030 | C33: 1.3.1 | D33: =C33&F33 -> 1.3.1Eng | E33: How was your day? | F33: Eng | G33: =IF(H33="","","https://docs.google.com/uc?export=download&id="&H33) | H33: =IFERROR(LEFT(RIGHT(I33,LEN(I33)-32),LEN(RIGHT(I33,LEN(I33)-32))-17),"")
B34: 1031 | C34: 1.3.1 | D34: =C34&F34 -> 1.3.1Phon | E34: haʊ wʌz jʊər deɪ? | F34: Phon | G34: =IF(H34="","","https://docs.google.com/uc?export=download&id="&H34) | H34: =IFERROR(LEFT(RIGHT(I34,LEN(I34)-32),LEN(RIGHT(I34,LEN(I34)-32))-17),"")
B35: 1032 | C35: 1.3.2 | D35: =C35&F35 -> 1.3.2Viet | E35: Đêm qua thế nào? | F35: Viet | G35: =IF(H35="","","https://docs.google.com/uc?export=download&id="&H35) | H35: =IFERROR(LEFT(RIGHT(I35,LEN(I35)-32),LEN(RIGHT(I35,LEN(I35)-32))-17),"")
A36: 10 | B36: 1033 | C36: 1.3.2 | D36: =C36&F36 -> 1.3.2Eng | E36: How was your night? | F36: Eng | G36: =IF(H36="","","https://docs.google.com/uc?export=download&id="&H36) | H36: =IFERROR(LEFT(RIGHT(I36,LEN(I36)-32),LEN(RIGHT(I36,LEN(I36)-32))-17),"")
B37: 1034 | C37: 1.3.2 | D37: =C37&F37 -> 1.3.2Phon | E37: haʊ wʌz jʊər naɪt? | F37: Phon | G37: =IF(H37="","","https://docs.google.com/uc?export=download&id="&H37) | H37: =IFERROR(LEFT(RIGHT(I37,LEN(I37)-32),LEN(RIGHT(I37,LEN(I37)-32))-17),"")
B38: 1035 | C38: 1.3.3 | D38: =C38&F38 -> 1.3.3Viet | E38: Buổi hẹn của cậu thế nào? | F38: Viet | G38: =IF(H38="","","https://docs.google.com/uc?export=download&id="&H38) | H38: =IFERROR(LEFT(RIGHT(I38,LEN(I38)-32),LEN(RIGHT(I38,LEN(I38)-32))-17),"")
A39: 11 | B39: 1036 | C39: 1.3.3 | D39: =C39&F39 -> 1.3.3Eng | E39: How was your date? | F39: Eng | G39: =IF(H39="","","https://docs.google.com/uc?export=download&id="&H39) | H39: =IFERROR(LEFT(RIGHT(I39,LEN(I39)-32),LEN(RIGHT(I39,LEN(I39)-32))-17),"")
B40: 1037 | C40: 1.3.3 | D40: =C40&F40 -> 1.3.3Phon | E40: haʊ wʌz jʊər deɪt? | F40: Phon | G40: =IF(H40="","","https://docs.google.com/uc?export=download&id="&H40) | H40: =IFERROR(LEFT(RIGHT(I40,LEN(I40)-32),LEN(RIGHT(I40,LEN(I40)-32))-17),"")
B41: 1038 | C41: 1.3.4 | D41: =C41&F41 -> 1.3.4Viet | E41: Chuyến đi của cậu thế nào? | F41: Viet | G41: =IF(H41="","","https://docs.google.com/uc?export=download&id="&H41) | H41: =IFERROR(LEFT(RIGHT(I41,LEN(I41)-32),LEN(RIGHT(I41,LEN(I41)-32))-17),"")
A42: 12 | B42: 1039 | C42: 1.3.4 | D42: =C42&F42 -> 1.3.4Eng | E42: How was your trip? | F42: Eng | G42: =IF(H42="","","https://docs.google.com/uc?export=download&id="&H42) | H42: =IFERROR(LEFT(RIGHT(I42,LEN(I42)-32),LEN(RIGHT(I42,LEN(I42)-32))-17),"")
B43: 1040 | C43: 1.3.4 | D43: =C43&F43 -> 1.3.4Phon | E43: haʊ wʌz jʊər trɪp? | F43: Phon | G43: =IF(H43="","","https://docs.google.com/uc?export=download&id="&H43) | H43: =IFERROR(LEFT(RIGHT(I43,LEN(I43)-32),LEN(RIGHT(I43,LEN(I43)-32))-17),"")
B44: 1041 | C44: 2 | D44: =C44&F44 -> 2Struc0 | E44: WHAT DO YOU THINK...? /BẠN NGHĨ THẾ NÀO?/ | F44: Struc0 | G44: =IF(H44="","","https://docs.google.com/uc?export=download&id="&H44) | H44: =IFERROR(LEFT(RIGHT(I44,LEN(I44)-32),LEN(RIGHT(I44,LEN(I44)-32))-17),"")
B45: 1042 | C45: 2.1 | D45: =C45&F45 -> 2.1Struc | E45: WHAT DO YOU THINK OF + NOUN? | F45: Struc | G45: =IF(H45="","","https://docs.google.com/uc?export=download&id="&H45) -> https://docs.google.com/uc?export=download&id=1dUDuJ2R5eny2xfswVNzp1fN6p6InNVrJ | H45: =IFERROR(LEFT(RIGHT(I45,LEN(I45)-32),LEN(RIGHT(I45,LEN(I45)-32))-17),"") -> 1dUDuJ2R5eny2xfswVNzp1fN6p6InNVrJ | I45: https://drive.google.com/file/d/1dUDuJ2R5eny2xfswVNzp1fN6p6InNVrJ/view?usp=sharing
B46: 1043 | C46: 2.1.1 | D46: =C46&F46 -> 2.1.1Viet | E46: Cậu nghĩ thế nào về anh ấy? | F46: Viet | G46: =IF(H46="","","https://docs.google.com/uc?export=download&id="&H46) | H46: =IFERROR(LEFT(RIGHT(I46,LEN(I46)-32),LEN(RIGHT(I46,LEN(I46)-32))-17),"")
A47: 13 | B47: 1044 | C47: 2.1.1 | D47: =C47&F47 -> 2.1.1Eng | E47: What do you think of him? | F47: Eng | G47: =IF(H47="","","https://docs.google.com/uc?export=download&id="&H47) | H47: =IFERROR(LEFT(RIGHT(I47,LEN(I47)-32),LEN(RIGHT(I47,LEN(I47)-32))-17),"")
B48: 1045 | C48: 2.1.1 | D48: =C48&F48 -> 2.1.1Phon | E48: wɑt du ju θɪŋk ʌv hɪm? | F48: Phon | G48: =IF(H48="","","https://docs.google.com/uc?export=download&id="&H48) | H48: =IFERROR(LEFT(RIGHT(I48,LEN(I48)-32),LEN(RIGHT(I48,LEN(I48)-32))-17),"")
B49: 1046 | C49: 2.1.2 | D49: =C49&F49 -> 2.1.2Viet | E49: Cậu nghĩ thế nào về ý tưởng của tôi? | F49: Viet | G49: =IF(H49="","","https://docs.google.com/uc?export=download&id="&H49) | H49: =IFERROR(LEFT(RIGHT(I49,LEN(I49)-32),LEN(RIGHT(I49,LEN(I49)-32))-17),"")
A50: 14 | B50: 1047 | C50: 2.1.2 | D50: =C50&F50 -> 2.1.2Eng | E50: What do you think of my idea? | F50: Eng | G50: =IF(H50="","","https://docs.google.com/uc?export=download&id="&H50) | H50: =IFERROR(LEFT(RIGHT(I50,LEN(I50)-32),LEN(RIGHT(I50,LEN(I50)-32))-17),"")
B51: 1048 | C51: 2.1.2 | D51: =C51&F51 -> 2.1.2Phon | E51: wɑt du ju θɪŋk ʌv maɪ aɪˈdiə? | F51: Phon | G51: =IF(H51="","","https://docs.google.com/uc?export=download&id="&H51) | H51: =IFERROR(LEFT(RIGHT(I51,LEN(I51)-32),LEN(RIGHT(I51,LEN(I51)-32))-17),"")
B52: 1049 | C52: 2.1.3 | D52: =C52&F52 -> 2.1.3Viet | E52: Cậu nghĩ thế nào về kế hoạch của tôi? | F52: Viet | G52: =IF(H52="","","https://docs.google.com/uc?export=download&id="&H52) | H52: =IFERROR(LEFT(RIGHT(I52,LEN(I52)-32),LEN(RIGHT(I52,LEN(I52)-32))-17),"")
A53: 15 | B53: 1050 | C53: 2.1.3 | D53: =C53&F53 -> 2.1.3Eng | E53: What do you think of my plan? | F53: Eng | G53: =IF(H53="","","https://docs.google.com/uc?export=download&id="&H53) | H53: =IFERROR(LEFT(RIGHT(I53,LEN(I53)-32),LEN(RIGHT(I53,LEN(I53)-32))-17),"")
B54: 1051 | C54: 2.1.3 | D54: =C54&F54 -> 2.1.3Phon | E54: wɑt du ju θɪŋk ʌv maɪ plæn? | F54: Phon | G54: =IF(H54="","","https://docs.google.com/uc?export=download&id="&H54) | H54: =IFERROR(LEFT(RIGHT(I54,LEN(I54)-32),LEN(RIGHT(I54,LEN(I54)-32))-17),"")
B55: 1052 | C55: 2.1.4 | D55: =C55&F55 -> 2.1.4Viet | E55: Cậu nghĩ thế nào về cách anh ấy nói chuyện? | F55: Viet | G55: =IF(H55="","","https://docs.google.com/uc?export=download&id="&H55) | H55: =IFERROR(LEFT(RIGHT(I55,LEN(I55)-32),LEN(RIGHT(I55,LEN(I55)-32))-17),"")
A56: 16 | B56: 1053 | C56: 2.1.4 | D56: =C56&F56 -> 2.1.4Eng | E56: What do you think of the way he talks? | F56: Eng | G56: =IF(H56="","","https://docs.google.com/uc?export=download&id="&H56) | H56: =IFERROR(LEFT(RIGHT(I56,LEN(I56)-32),LEN(RIGHT(I56,LEN(I56)-32))-17),"")
B57: 1054 | C57: 2.1.4 | D57: =C57&F57 -> 2.1.4Phon | E57: wɑt du ju θɪŋk ʌv ðə weɪ hi tɔks? | F57: Phon | G57: =IF(H57="","","https://docs.google.com/uc?export=download&id="&H57) | H57: =IFERROR(LEFT(RIGHT(I57,LEN(I57)-32),LEN(RIGHT(I57,LEN(I57)-32))-17),"")
B58: 1055 | C58: 2.2 | D58: =C58&F58 -> 2.2Struc | E58: WHAT DO YOU THINK ABOUT + NOUN? | F58: Struc | G58: =IF(H58="","","https://docs.google.com/uc?export=download&id="&H58) -> https://docs.google.com/uc?export=download&id=1wPaujcTcTrfrjMqnmDuIA18aKYKGROAT | H58: =IFERROR(LEFT(RIGHT(I58,LEN(I58)-32),LEN(RIGHT(I58,LEN(I58)-32))-17),"") -> 1wPaujcTcTrfrjMqnmDuIA18aKYKGROAT | I58: https://drive.google.com/file/d/1wPaujcTcTrfrjMqnmDuIA18aKYKGROAT/view?usp=sharing
B59: 1056 | C59: 2.2.1 | D59: =C59&F59 -> 2.2.1Viet | E59: Cậu nghĩ thế nào về điều đó? | F59: Viet | G59: =IF(H59="","","https://docs.google.com/uc?export=download&id="&H59) | H59: =IFERROR(LEFT(RIGHT(I59,LEN(I59)-32),LEN(RIGHT(I59,LEN(I59)-32))-17),"")
A60: 17 | B60: 1057 | C60: 2.2.1 | D60: =C60&F60 -> 2.2.1Eng | E60: What do you think about that? | F60: Eng | G60: =IF(H60="","","https://docs.google.com/uc?export=download&id="&H60) | H60: =IFERROR(LEFT(RIGHT(I60,LEN(I60)-32),LEN(RIGHT(I60,LEN(I60)-32))-17),"")
B61: 1058 | C61: 2.2.1 | D61: =C61&F61 -> 2.2.1Phon | E61: wɑt du ju θɪŋk əˈbaʊt ðæt? | F61: Phon | G61: =IF(H61="","","https://docs.google.com/uc?export=download&id="&H61) | H61: =IFERROR(LEFT(RIGHT(I61,LEN(I61)-32),LEN(RIGHT(I61,LEN(I61)-32))-17),"")
B62: 1059 | C62: 2.2.2 | D62: =C62&F62 -> 2.2.2Viet | E62: Cậu nghĩ thế nào về đề xuất của anh ta? | F62: Viet | G62: =IF(H62="","","https://docs.google.com/uc?export=download&id="&H62) | H62: =IFERROR(LEFT(RIGHT(I62,LEN(I62)-32),LEN(RIGHT(I62,LEN(I62)-32))-17),"")
A63: 18 | B63: 1060 | C63: 2.2.2 | D63: =C63&F63 -> 2.2.2Eng | E63: What do you think about his suggestion? | F63: Eng | G63: =IF(H63="","","https://docs.google.com/uc?export=download&id="&H63) | H63: =IFERROR(LEFT(RIGHT(I63,LEN(I63)-32),LEN(RIGHT(I63,LEN(I63)-32))-17),"")
B64: 1061 | C64: 2.2.2 | D64: =C64&F64 -> 2.2.2Phon | E64: wɑt du ju θɪŋk əˈbaʊt hɪz səɡˈʤɛsʧən? | F64: Phon | G64: =IF(H64="","","https://docs.google.com/uc?export=download&id="&H64) | H64: =IFERROR(LEFT(RIGHT(I64,LEN(I64)-32),LEN(RIGHT(I64,LEN(I64)-32))-17),"")
B65: 1062 | C65: 2.2.3 | D65: =C65&F65 -> 2.2.3Viet | E65: Cậu nghĩ thế nào về bức tranh này? | F65: Viet | G65: =IF(H65="","","https://docs.google.com/uc?export=download&id="&H65) | H65: =IFERROR(LEFT(RIGHT(I65,LEN(I65)-32),LEN(RIGHT(I65,LEN(I65)-32))-17),"")
A66: 19 | B66: 1063 | C66: 2.2.3 | D66: =C66&F66 -> 2.2.3Eng | E66: What do you think about this picture? | F66: Eng | G66: =IF(H66="","","https://docs.google.com/uc?export=download&id="&H66) | H66: =IFERROR(LEFT(RIGHT(I66,LEN(I66)-32),LEN(RIGHT(I66,LEN(I66)-32))-17),"")
B67: 1064 | C67: 2.2.3 | D67: =C67&F67 -> 2.2.3Phon | E67: wɑt du ju θɪŋk əˈbaʊt ðɪs ˈpɪkʧər? | F67: Phon | G67: =IF(H67="","","https://docs.google.com/uc?export=download&id="&H67) | H67: =IFERROR(LEFT(RIGHT(I67,LEN(I67)-32),LEN(RIGHT(I67,LEN(I67)-32))-17),"")
B68: 1065 | C68: 2.3 | D68: =C68&F68 -> 2.3Struc | E68: WHAT DO YOU THINK + MỆNH ĐỀ? | F68: Struc | G68: =IF(H68="","","https://docs.google.com/uc?export=download&id="&H68) -> https://docs.google.com/uc?export=download&id=11SH_-X7qt0PJGznnPVKK9Fk-Mj1BUJry | H68: =IFERROR(LEFT(RIGHT(I68,LEN(I68)-32),LEN(RIGHT(I68,LEN(I68)-32))-17),"") -> 11SH_-X7qt0PJGznnPVKK9Fk-Mj1BUJry | I68: https://drive.google.com/file/d/11SH_-X7qt0PJGznnPVKK9Fk-Mj1BUJry/view?usp=sharing
B69: 1066 | C69: 2.3.1 | D69: =C69&F69 -> 2.3.1Viet | E69: Cậu nghĩ tôi nên làm gì? | F69: Viet | G69: =IF(H69="","","https://docs.google.com/uc?export=download&id="&H69) | H69: =IFERROR(LEFT(RIGHT(I69,LEN(I69)-32),LEN(RIGHT(I69,LEN(I69)-32))-17),"")
A70: 20 | B70: 1067 | C70: 2.3.1 | D70: =C70&F70 -> 2.3.1Eng | E70: What do you think I have to do? | F70: Eng | G70: =IF(H70="","","https://docs.google.com/uc?export=download&id="&H70) | H70: =IFERROR(LEFT(RIGHT(I70,LEN(I70)-32),LEN(RIGHT(I70,LEN(I70)-32))-17),"")
B71: 1068 | C71: 2.3.1 | D71: =C71&F71 -> 2.3.1Phon | E71: wɑt du ju θɪŋk aɪ hæv tu du? | F71: Phon | G71: =IF(H71="","","https://docs.google.com/uc?export=download&id="&H71) | H71: =IFERROR(LEFT(RIGHT(I71,LEN(I71)-32),LEN(RIGHT(I71,LEN(I71)-32))-17),"")
B72: 1069 | C72: 2.3.2 | D72: =C72&F72 -> 2.3.2Viet | E72: Cậu nghĩ anh ấy muốn ăn gì? | F72: Viet | G72: =IF(H72="","","https://docs.google.com/uc?export=download&id="&H72) | H72: =IFERROR(LEFT(RIGHT(I72,LEN(I72)-32),LEN(RIGHT(I72,LEN(I72)-32))-17),"")
A73: 21 | B73: 1070 | C73: 2.3.2 | D73: =C73&F73 -> 2.3.2Eng | E73: What do you think he wants to eat? | F73: Eng | G73: =IF(H73="","","https://docs.google.com/uc?export=download&id="&H73) | H73: =IFERROR(LEFT(RIGHT(I73,LEN(I73)-32),LEN(RIGHT(I73,LEN(I73)-32))-17),"")
B74: 1071 | C74: 2.3.2 | D74: =C74&F74 -> 2.3.2Phon | E74: wɑt du ju θɪŋk hi wɑnts tu it? | F74: Phon | G74: =IF(H74="","","https://docs.google.com/uc?export=download&id="&H74) | H74: =IFERROR(LEFT(RIGHT(I74,LEN(I74)-32),LEN(RIGHT(I74,LEN(I74)-32))-17),"")
B75: 1072 | C75: 2.3.3 | D75: =C75&F75 -> 2.3.3Viet | E75: Cậu nghĩ chúng ta nên làm gì? | F75: Viet | G75: =IF(H75="","","https://docs.google.com/uc?export=download&id="&H75) | H75: =IFERROR(LEFT(RIGHT(I75,LEN(I75)-32),LEN(RIGHT(I75,LEN(I75)-32))-17),"")
A76: 22 | B76: 1073 | C76: 2.3.3 | D76: =C76&F76 -> 2.3.3Eng | E76: What do you think we should do? | F76: Eng | G76: =IF(H76="","","https://docs.google.com/uc?export=download&id="&H76) | H76: =IFERROR(LEFT(RIGHT(I76,LEN(I76)-32),LEN(RIGHT(I76,LEN(I76)-32))-17),"")
B77: 1074 | C77: 2.3.3 | D77: =C77&F77 -> 2.3.3Phon | E77: wɑt du ju θɪŋk wi ʃʊd du? | F77: Phon | G77: =IF(H77="","","https://docs.google.com/uc?export=download&id="&H77) | H77: =IFERROR(LEFT(RIGHT(I77,LEN(I77)-32),LEN(RIGHT(I77,LEN(I77)-32))-17),"")
B78: 1075 | C78: 3 | D78: =C78&F78 -> 3Struc0 | E78: DO YOU WANT TO...? /BẠN CÓ MUỐN...?/ | F78: Struc0 | G78: =IF(H78="","","https://docs.google.com/uc?export=download&id="&H78) | H78: =IFERROR(LEFT(RIGHT(I78,LEN(I78)-32),LEN(RIGHT(I78,LEN(I78)-32))-17),"")
B79: 1076 | C79: 3.1 | D79: =C79&F79 -> 3.1Struc | E79: DO YOU WANT + NOUN? | F79: Struc | G79: =IF(H79="","","https://docs.google.com/uc?export=download&id="&H79) -> https://docs.google.com/uc?export=download&id=1xSViEGON8Lxhx-pi2p3kKwZQESsqAP3c | H79: =IFERROR(LEFT(RIGHT(I79,LEN(I79)-32),LEN(RIGHT(I79,LEN(I79)-32))-17),"") -> 1xSViEGON8Lxhx-pi2p3kKwZQESsqAP3c | I79: https://drive.google.com/file/d/1xSViEGON8Lxhx-pi2p3kKwZQESsqAP3c/view?usp=sharing
B80: 1077 | C80: 3.1.1 | D80: =C80&F80 -> 3.1.1Viet | E80: Cậu có muốn uống Coca không? | F80: Viet | G80: =IF(H80="","","https://docs.google.com/uc?export=download&id="&H80) | H80: =IFERROR(LEFT(RIGHT(I80,LEN(I80)-32),LEN(RIGHT(I80,LEN(I80)-32))-17),"")
A81: 23 | B81: 1078 | C81: 3.1.1 | D81: =C81&F81 -> 3.1.1Eng | E81: Do you want some coke? | F81: Eng | G81: =IF(H81="","","https://docs.google.com/uc?export=download&id="&H81) | H81: =IFERROR(LEFT(RIGHT(I81,LEN(I81)-32),LEN(RIGHT(I81,LEN(I81)-32))-17),"")
B82: 1079 | C82: 3.1.1 | D82: =C82&F82 -> 3.1.1Phon | E82: du ju wɑnt sʌm koʊk? | F82: Phon | G82: =IF(H82="","","https://docs.google.com/uc?export=download&id="&H82) | H82: =IFERROR(LEFT(RIGHT(I82,LEN(I82)-32),LEN(RIGHT(I82,LEN(I82)-32))-17),"")
B83: 1080 | C83: 3.1.2 | D83: =C83&F83 -> 3.1.2Viet | E83: Cậu có muốn giúp tôi không? | F83: Viet | G83: =IF(H83="","","https://docs.google.com/uc?export=download&id="&H83) | H83: =IFERROR(LEFT(RIGHT(I83,LEN(I83)-32),LEN(RIGHT(I83,LEN(I83)-32))-17),"")
A84: 24 | B84: 1081 | C84: 3.1.2 | D84: =C84&F84 -> 3.1.2Eng | E84: Do you want some help? | F84: Eng | G84: =IF(H84="","","https://docs.google.com/uc?export=download&id="&H84) | H84: =IFERROR(LEFT(RIGHT(I84,LEN(I84)-32),LEN(RIGHT(I84,LEN(I84)-32))-17),"")
B85: 1082 | C85: 3.1.2 | D85: =C85&F85 -> 3.1.2Phon | E85: du ju wɑnt sʌm hɛlp? | F85: Phon | G85: =IF(H85="","","https://docs.google.com/uc?export=download&id="&H85) | H85: =IFERROR(LEFT(RIGHT(I85,LEN(I85)-32),LEN(RIGHT(I85,LEN(I85)-32))-17),"")
B86: 1083 | C86: 3.1.3 | D86: =C86&F86 -> 3.1.3Viet | E86: Cậu có muốn ăn thêm không? | F86: Viet | G86: =IF(H86="","","https://docs.google.com/uc?export=download&id="&H86) | H86: =IFERROR(LEFT(RIGHT(I86,LEN(I86)-32),LEN(RIGHT(I86,LEN(I86)-32))-17),"")
A87: 25 | B87: 1084 | C87: 3.1.3 | D87: =C87&F87 -> 3.1.3Eng | E87: Do you want some more? | F87: Eng | G87: =IF(H87="","","https://docs.google.com/uc?export=download&id="&H87) | H87: =IFERROR(LEFT(RIGHT(I87,LEN(I87)-32),LEN(RIGHT(I87,LEN(I87)-32))-17),"")
B88: 1085 | C88: 3.1.3 | D88: =C88&F88 -> 3.1.3Phon | E88: du ju wɑnt sʌm mɔr? | F88: Phon | G88: =IF(H88="","","https://docs.google.com/uc?export=download&id="&H88) | H88: =IFERROR(LEFT(RIGHT(I88,LEN(I88)-32),LEN(RIGHT(I88,LEN(I88)-32))-17),"")
B89: 1086 | C89: 3.2 | D89: =C89&F89 -> 3.2Struc | E89: DO YOU WANT TO + VERB? | F89: Struc | G89: =IF(H89="","","https://docs.google.com/uc?export=download&id="&H89) -> https://docs.google.com/uc?export=download&id=1b6et_T25yA-yIkQ7X_2u5m0eFJdvXtb8 | H89: =IFERROR(LEFT(RIGHT(I89,LEN(I89)-32),LEN(RIGHT(I89,LEN(I89)-32))-17),"") -> 1b6et_T25yA-yIkQ7X_2u5m0eFJdvXtb8 | I89: https://drive.google.com/file/d/1b6et_T25yA-yIkQ7X_2u5m0eFJdvXtb8/view?usp=sharing
B90: 1087 | C90: 3.2.1 | D90: =C90&F90 -> 3.2.1Viet | E90: Cậu có muốn đi tắm không? | F90: Viet | G90: =IF(H90="","","https://docs.google.com/uc?export=download&id="&H90) | H90: =IFERROR(LEFT(RIGHT(I90,LEN(I90)-32),LEN(RIGHT(I90,LEN(I90)-32))-17),"")
A91: 26 | B91: 1088 | C91: 3.2.1 | D91: =C91&F91 -> 3.2.1Eng | E91: Do you want to take a shower? | F91: Eng | G91: =IF(H91="","","https://docs.google.com/uc?export=download&id="&H91) | H91: =IFERROR(LEFT(RIGHT(I91,LEN(I91)-32),LEN(RIGHT(I91,LEN(I91)-32))-17),"")
B92: 1089 | C92: 3.2.1 | D92: =C92&F92 -> 3.2.1Phon | E92: du ju wɑnt tu teɪk ə ˈʃaʊər? | F92: Phon | G92: =IF(H92="","","https://docs.google.com/uc?export=download&id="&H92) | H92: =IFERROR(LEFT(RIGHT(I92,LEN(I92)-32),LEN(RIGHT(I92,LEN(I92)-32))-17),"")
B93: 1090 | C93: 3.2.2 | D93: =C93&F93 -> 3.2.2Viet | E93: Cậu có muốn đi với tôi không? | F93: Viet | G93: =IF(H93="","","https://docs.google.com/uc?export=download&id="&H93) | H93: =IFERROR(LEFT(RIGHT(I93,LEN(I93)-32),LEN(RIGHT(I93,LEN(I93)-32))-17),"")
A94: 27 | B94: 1091 | C94: 3.2.2 | D94: =C94&F94 -> 3.2.2Eng | E94: Do you want to come with me? | F94: Eng | G94: =IF(H94="","","https://docs.google.com/uc?export=download&id="&H94) | H94: =IFERROR(LEFT(RIGHT(I94,LEN(I94)-32),LEN(RIGHT(I94,LEN(I94)-32))-17),"")
B95: 1092 | C95: 3.2.2 | D95: =C95&F95 -> 3.2.2Phon | E95: du ju wɑnt tu kʌm wɪð mi? | F95: Phon | G95: =IF(H95="","","https://docs.google.com/uc?export=download&id="&H95) | H95: =IFERROR(LEFT(RIGHT(I95,LEN(I95)-32),LEN(RIGHT(I95,LEN(I95)-32))-17),"")
B96: 1093 | C96: 3.2.3 | D96: =C96&F96 -> 3.2.3Viet | E96: Cậu có muốn ở lại ăn tối không? | F96: Viet | G96: =IF(H96="","","https://docs.google.com/uc?export=download&id="&H96) | H96: =IFERROR(LEFT(RIGHT(I96,LEN(I96)-32),LEN(RIGHT(I96,LEN(I96)-32))-17),"")
A97: 28 | B97: 1094 | C97: 3.2.3 | D97: =C97&F97 -> 3.2.3Eng | E97: Do you want to stay for dinner? | F97: Eng | G97: =IF(H97="","","https://docs.google.com/uc?export=download&id="&H97) | H97: =IFERROR(LEFT(RIGHT(I97,LEN(I97)-32),LEN(RIGHT(I97,LEN(I97)-32))-17),"")
B98: 1095 | C98: 3.2.3 | D98: =C98&F98 -> 3.2.3Phon | E98: du ju wɑnt tu steɪ fɔr ˈdɪnər? | F98: Phon | G98: =IF(H98="","","https://docs.google.com/uc?export=download&id="&H98) | H98: =IFERROR(LEFT(RIGHT(I98,LEN(I98)-32),LEN(RIGHT(I98,LEN(I98)-32))-17),"")
B99: 1096 | C99: 3.2.4 | D99: =C99&F99 -> 3.2.4Viet | E99: Cậu có muốn đi xem phim không? | F99: Viet | G99: =IF(H99="","","https://docs.google.com/uc?export=download&id="&H99) | H99: =IFERROR(LEFT(RIGHT(I99,LEN(I99)-32),LEN(RIGHT(I99,LEN(I99)-32))-17),"")
A100: 29 | B100: 1097 | C100: 3.2.4 | D100: =C100&F100 -> 3.2.4Eng | E100: Do you want to go to see a movie? | F100: Eng | G100: =IF(H100="","","https://docs.google.com/uc?export=download&id="&H100) | H100: =IFERROR(LEFT(RIGHT(I100,LEN(I100)-32),LEN(RIGHT(I100,LEN(I100)-32))-17),"")
B101: 1098 | C101: 3.2.4 | D101: =C101&F101 -> 3.2.4Phon | E101: du ju wɑnt tu ɡoʊ tu si ə ˈmuvi? | F101: Phon | G101: =IF(H101="","","https://docs.google.com/uc?export=download&id="&H101) | H101: =IFERROR(LEFT(RIGHT(I101,LEN(I101)-32),LEN(RIGHT(I101,LEN(I101)-32))-17),"")
...

Sheet Viet
B2: Sentence | C2: Link | D2: ID | E2: Copy Google drive to …
B3: 01-03 | C3: =IF(D3="","","https://docs.google.com/uc?export=download&id="&D3) -> https://docs.google.com/uc?export=download&id=1WlhJy02xnijddD6N5koDbDTVZ9DK7Pim | D3: =IFERROR(LEFT(RIGHT(E3,LEN(E3)-32),LEN(RIGHT(E3,LEN(E3)-32))-17),"") -> 1WlhJy02xnijddD6N5koDbDTVZ9DK7Pim | E3: https://drive.google.com/file/d/1WlhJy02xnijddD6N5koDbDTVZ9DK7Pim/view?usp=sharing
B4: 04-06 | C4: =IF(D4="","","https://docs.google.com/uc?export=download&id="&D4) -> https://docs.google.com/uc?export=download&id=1izmrYLQ5y8-Yg_iuxc2cfxPP3WCabhgI | D4: =IFERROR(LEFT(RIGHT(E4,LEN(E4)-32),LEN(RIGHT(E4,LEN(E4)-32))-17),"") -> 1izmrYLQ5y8-Yg_iuxc2cfxPP3WCabhgI | E4: https://drive.google.com/file/d/1izmrYLQ5y8-Yg_iuxc2cfxPP3WCabhgI/view?usp=sharing
B5: 07-09 | C5: =IF(D5="","","https://docs.google.com/uc?export=download&id="&D5) -> https://docs.google.com/uc?export=download&id=1bad3ljMqU25cudXPEEEpDi0NGJH4dHoY | D5: =IFERROR(LEFT(RIGHT(E5,LEN(E5)-32),LEN(RIGHT(E5,LEN(E5)-32))-17),"") -> 1bad3ljMqU25cudXPEEEpDi0NGJH4dHoY | E5: https://drive.google.com/file/d/1bad3ljMqU25cudXPEEEpDi0NGJH4dHoY/view?usp=sharing
B6: 10-12 | C6: =IF(D6="","","https://docs.google.com/uc?export=download&id="&D6) -> https://docs.google.com/uc?export=download&id=1qIcvRICDzWjgJhXewvFVlDrS4UYH3CMm | D6: =IFERROR(LEFT(RIGHT(E6,LEN(E6)-32),LEN(RIGHT(E6,LEN(E6)-32))-17),"") -> 1qIcvRICDzWjgJhXewvFVlDrS4UYH3CMm | E6: https://drive.google.com/file/d/1qIcvRICDzWjgJhXewvFVlDrS4UYH3CMm/view?usp=sharing
B7: 13-15 | C7: =IF(D7="","","https://docs.google.com/uc?export=download&id="&D7) -> https://docs.google.com/uc?export=download&id=1N4roV4yHCjVyCJiZpJEFJj4jBdJ5HZ-V | D7: =IFERROR(LEFT(RIGHT(E7,LEN(E7)-32),LEN(RIGHT(E7,LEN(E7)-32))-17),"") -> 1N4roV4yHCjVyCJiZpJEFJj4jBdJ5HZ-V | E7: https://drive.google.com/file/d/1N4roV4yHCjVyCJiZpJEFJj4jBdJ5HZ-V/view?usp=sharing
B8: 16-19 | C8: =IF(D8="","","https://docs.google.com/uc?export=download&id="&D8) -> https://docs.google.com/uc?export=download&id=1N80QBg7OQeIG0WLaO-ifS4SgW4XBoBQS | D8: =IFERROR(LEFT(RIGHT(E8,LEN(E8)-32),LEN(RIGHT(E8,LEN(E8)-32))-17),"") -> 1N80QBg7OQeIG0WLaO-ifS4SgW4XBoBQS | E8: https://drive.google.com/file/d/1N80QBg7OQeIG0WLaO-ifS4SgW4XBoBQS/view?usp=sharing
B9: 01-19 | C9: =IF(D9="","","https://docs.google.com/uc?export=download&id="&D9) -> https://docs.google.com/uc?export=download&id=1KWi178kmcCSx14Bq34wTXven07Y7-pws | D9: =IFERROR(LEFT(RIGHT(E9,LEN(E9)-32),LEN(RIGHT(E9,LEN(E9)-32))-17),"") -> 1KWi178kmcCSx14Bq34wTXven07Y7-pws | E9: https://drive.google.com/file/d/1KWi178kmcCSx14Bq34wTXven07Y7-pws/view?usp=sharing

Sheet Sum
B2: Sentence | C2: Link | D2: ID | E2: Copy Google drive to …
B3: Woman | C3: =IF(D3="","","https://docs.google.com/uc?export=download&id="&D3) | D3: =IFERROR(LEFT(RIGHT(E3,LEN(E3)-32),LEN(RIGHT(E3,LEN(E3)-32))-17),"")
B4: Man | C4: =IF(D4="","","https://docs.google.com/uc?export=download&id="&D4) | D4: =IFERROR(LEFT(RIGHT(E4,LEN(E4)-32),LEN(RIGHT(E4,LEN(E4)-32))-17),"")

Sheet Ramdom
B1: From | C1: 1
B2: To | C2: 186
C3: No | D3: No | E3: Viet | F3: Eng
A4: =C1 -> 1 | B4: =IF(A4="","",RANDBETWEEN($C$1,$C$2)) -> 88 | C4: =IFERROR($C$1-1+_xlfn.RANK.EQ(B4,$B$4:$B$189)+COUNTIF(B$4:$B4,B4)-1,"") -> 104 | D4: =IFERROR(VLOOKUP(C4,'Question structure'!A:E,3,0),"") -> 12.2.3 | E4: =IFERROR(VLOOKUP(D4&"Viet",'Question structure'!D:H,2,0),"") -> Buổi họp sẽ kéo dài trong bao lâu? | F4: =IFERROR(VLOOKUP(D4&"Eng",'Question structure'!D:H,2,0),"") -> How long will the meeting last?
A5: =IFERROR(IF(A4+1>$C$2,"",A4+1),"") -> 2 | B5: =IF(A5="","",RANDBETWEEN($C$1,$C$2)) -> 132 | C5: =IFERROR($C$1-1+_xlfn.RANK.EQ(B5,$B$4:$B$78)+COUNTIF(B$4:$B5,B5)-1,"") -> 28 | D5: =IFERROR(VLOOKUP(C5,'Question structure'!A:E,3,0),"") -> 3.2.3 | E5: =IFERROR(VLOOKUP(D5&"Viet",'Question structure'!D:H,2,0),"") -> Cậu có muốn ở lại ăn tối không? | F5: =IFERROR(VLOOKUP(D5&"Eng",'Question structure'!D:H,2,0),"") -> Do you want to stay for dinner?
A6: =IFERROR(IF(A5+1>$C$2,"",A5+1),"") -> 3 | B6: =IF(A6="","",RANDBETWEEN($C$1,$C$2)) -> 66 | C6: =IFERROR($C$1-1+_xlfn.RANK.EQ(B6,$B$4:$B$78)+COUNTIF(B$4:$B6,B6)-1,"") -> 57 | D6: =IFERROR(VLOOKUP(C6,'Question structure'!A:E,3,0),"") -> 7.2.3 | E6: =IFERROR(VLOOKUP(D6&"Viet",'Question structure'!D:H,2,0),"") -> Cậu định tổ chức tiệc à? | F6: =IFERROR(VLOOKUP(D6&"Eng",'Question structure'!D:H,2,0),"") -> Are you planning to throw a party?
A7: =IFERROR(IF(A6+1>$C$2,"",A6+1),"") -> 4 | B7: =IF(A7="","",RANDBETWEEN($C$1,$C$2)) -> 112 | C7: =IFERROR($C$1-1+_xlfn.RANK.EQ(B7,$B$4:$B$78)+COUNTIF(B$4:$B7,B7)-1,"") -> 38 | D7: =IFERROR(VLOOKUP(C7,'Question structure'!A:E,3,0),"") -> 4.2.2 | E7: =IFERROR(VLOOKUP(D7&"Viet",'Question structure'!D:H,2,0),"") -> Cậu muốn tôi nói gì với anh ấy? | F7: =IFERROR(VLOOKUP(D7&"Eng",'Question structure'!D:H,2,0),"") -> What do you want me to say to him?
A8: =IFERROR(IF(A7+1>$C$2,"",A7+1),"") -> 5 | B8: =IF(A8="","",RANDBETWEEN($C$1,$C$2)) -> 4 | C8: =IFERROR($C$1-1+_xlfn.RANK.EQ(B8,$B$4:$B$78)+COUNTIF(B$4:$B8,B8)-1,"") -> 73 | D8: =IFERROR(VLOOKUP(C8,'Question structure'!A:E,3,0),"") -> 9.1.4 | E8: =IFERROR(VLOOKUP(D8&"Viet",'Question structure'!D:H,2,0),"") -> Sao cậu lại ủ rũ thế? | F8: =IFERROR(VLOOKUP(D8&"Eng",'Question structure'!D:H,2,0),"") -> How come you are so depressed?
A9: =IFERROR(IF(A8+1>$C$2,"",A8+1),"") -> 6 | B9: =IF(A9="","",RANDBETWEEN($C$1,$C$2)) -> 142 | C9: =IFERROR($C$1-1+_xlfn.RANK.EQ(B9,$B$4:$B$78)+COUNTIF(B$4:$B9,B9)-1,"") -> 20 | D9: =IFERROR(VLOOKUP(C9,'Question structure'!A:E,3,0),"") -> 2.3.1 | E9: =IFERROR(VLOOKUP(D9&"Viet",'Question structure'!D:H,2,0),"") -> Cậu nghĩ tôi nên làm gì? | F9: =IFERROR(VLOOKUP(D9&"Eng",'Question structure'!D:H,2,0),"") -> What do you think I have to do?
A10: =IFERROR(IF(A9+1>$C$2,"",A9+1),"") -> 7 | B10: =IF(A10="","",RANDBETWEEN($C$1,$C$2)) -> 143 | C10: =IFERROR($C$1-1+_xlfn.RANK.EQ(B10,$B$4:$B$78)+COUNTIF(B$4:$B10,B10)-1,"") -> 18 | D10: =IFERROR(VLOOKUP(C10,'Question structure'!A:E,3,0),"") -> 2.2.2 | E10: =IFERROR(VLOOKUP(D10&"Viet",'Question structure'!D:H,2,0),"") -> Cậu nghĩ thế nào về đề xuất của anh ta? | F10: =IFERROR(VLOOKUP(D10&"Eng",'Question structure'!D:H,2,0),"") -> What do you think about his suggestion?
A11: =IFERROR(IF(A10+1>$C$2,"",A10+1),"") -> 8 | B11: =IF(A11="","",RANDBETWEEN($C$1,$C$2)) -> 145 | C11: =IFERROR($C$1-1+_xlfn.RANK.EQ(B11,$B$4:$B$78)+COUNTIF(B$4:$B11,B11)-1,"") -> 16 | D11: =IFERROR(VLOOKUP(C11,'Question structure'!A:E,3,0),"") -> 2.1.4 | E11: =IFERROR(VLOOKUP(D11&"Viet",'Question structure'!D:H,2,0),"") -> Cậu nghĩ thế nào về cách anh ấy nói chuyện? | F11: =IFERROR(VLOOKUP(D11&"Eng",'Question structure'!D:H,2,0),"") -> What do you think of the way he talks?
A12: =IFERROR(IF(A11+1>$C$2,"",A11+1),"") -> 9 | B12: =IF(A12="","",RANDBETWEEN($C$1,$C$2)) -> 174 | C12: =IFERROR($C$1-1+_xlfn.RANK.EQ(B12,$B$4:$B$78)+COUNTIF(B$4:$B12,B12)-1,"") -> 6 | D12: =IFERROR(VLOOKUP(C12,'Question structure'!A:E,3,0),"") -> 1.2.2 | E12: =IFERROR(VLOOKUP(D12&"Viet",'Question structure'!D:H,2,0),"") -> Anh ấy ốm như thế nào? | F12: =IFERROR(VLOOKUP(D12&"Eng",'Question structure'!D:H,2,0),"") -> How sick is he?
A13: =IFERROR(IF(A12+1>$C$2,"",A12+1),"") -> 10 | B13: =IF(A13="","",RANDBETWEEN($C$1,$C$2)) -> 50 | C13: =IFERROR($C$1-1+_xlfn.RANK.EQ(B13,$B$4:$B$78)+COUNTIF(B$4:$B13,B13)-1,"") -> 60 | D13: =IFERROR(VLOOKUP(C13,'Question structure'!A:E,3,0),"") -> 7.3.3 | E13: =IFERROR(VLOOKUP(D13&"Viet",'Question structure'!D:H,2,0),"") -> Cậu đã có kế hoạch gì cho ngày sinh nhật chưa? | F13: =IFERROR(VLOOKUP(D13&"Eng",'Question structure'!D:H,2,0),"") -> Have you made plans for your birthday?
A14: =IFERROR(IF(A13+1>$C$2,"",A13+1),"") -> 11 | B14: =IF(A14="","",RANDBETWEEN($C$1,$C$2)) -> 158 | C14: =IFERROR($C$1-1+_xlfn.RANK.EQ(B14,$B$4:$B$78)+COUNTIF(B$4:$B14,B14)-1,"") -> 11 | D14: =IFERROR(VLOOKUP(C14,'Question structure'!A:E,3,0),"") -> 1.3.3 | E14: =IFERROR(VLOOKUP(D14&"Viet",'Question structure'!D:H,2,0),"") -> Buổi hẹn của cậu thế nào? | F14: =IFERROR(VLOOKUP(D14&"Eng",'Question structure'!D:H,2,0),"") -> How was your date?
A15: =IFERROR(IF(A14+1>$C$2,"",A14+1),"") -> 12 | B15: =IF(A15="","",RANDBETWEEN($C$1,$C$2)) -> 110 | C15: =IFERROR($C$1-1+_xlfn.RANK.EQ(B15,$B$4:$B$78)+COUNTIF(B$4:$B15,B15)-1,"") -> 40 | D15: =IFERROR(VLOOKUP(C15,'Question structure'!A:E,3,0),"") -> 4.3.1 | E15: =IFERROR(VLOOKUP(D15&"Viet",'Question structure'!D:H,2,0),"") -> Cậu muốn anh ấy mang cái gì đến? | F15: =IFERROR(VLOOKUP(D15&"Eng",'Question structure'!D:H,2,0),"") -> What do you want him to bring?
A16: =IFERROR(IF(A15+1>$C$2,"",A15+1),"") -> 13 | B16: =IF(A16="","",RANDBETWEEN($C$1,$C$2)) -> 29 | C16: =IFERROR($C$1-1+_xlfn.RANK.EQ(B16,$B$4:$B$78)+COUNTIF(B$4:$B16,B16)-1,"") -> 66 | D16: =IFERROR(VLOOKUP(C16,'Question structure'!A:E,3,0),"") -> 8.2.3 | E16: =IFERROR(VLOOKUP(D16&"Viet",'Question structure'!D:H,2,0),"") -> Tại sao cậu cứ hỏi tôi chuyện đó mãi thế? | F16: =IFERROR(VLOOKUP(D16&"Eng",'Question structure'!D:H,2,0),"") -> Why do you keep asking me that?
... A295: =IFERROR(IF(A294+1>$C$2,"",A294+1),"") | B295: =IF(A295="","",RANDBETWEEN($C$1,$C$2)) | C295: =IFERROR($C$1-1+_xlfn.RANK.EQ(B295,$B$4:$B$78)+COUNTIF(B$4:$B295,B295)-1,"") | D295: =IFERROR(VLOOKUP(C295,'Question structure'!A:E,3,0),"") | E295: =IFERROR(VLOOKUP(D295&"Viet",'Question structure'!D:H,2,0),"") | F295: =IFERROR(VLOOKUP(D295&"Eng",'Question structure'!D:H,2,0),"")
C296: =IFERROR($C$1-1+_xlfn.RANK.EQ(B296,$B$4:$B$78)+COUNTIF(B$4:$B296,B296)-1,"") | D296: =IFERROR(VLOOKUP(C296,'Question structure'!A:E,3,0),"") | E296: =IFERROR(VLOOKUP(D296&"Viet",'Question structure'!D:H,2,0),"") | F296: =IFERROR(VLOOKUP(D296&"Eng",'Question structure'!D:H,2,0),"")
C297: =IFERROR($C$1-1+_xlfn.RANK.EQ(B297,$B$4:$B$78)+COUNTIF(B$4:$B297,B297)-1,"") | D297: =IFERROR(VLOOKUP(C297,'Question structure'!A:E,3,0),"") | E297: =IFERROR(VLOOKUP(D297&"Viet",'Question structure'!D:H,2,0),"") | F297: =IFERROR(VLOOKUP(D297&"Eng",'Question structure'!D:H,2,0),"")
C298: =IFERROR($C$1-1+_xlfn.RANK.EQ(B298,$B$4:$B$78)+COUNTIF(B$4:$B298,B298)-1,"") | D298: =IFERROR(VLOOKUP(C298,'Question structure'!A:E,3,0),"") | E298: =IFERROR(VLOOKUP(D298&"Viet",'Question structure'!D:H,2,0),"") | F298: =IFERROR(VLOOKUP(D298&"Eng",'Question structure'!D:H,2,0),"")
C299: =IFERROR($C$1-1+_xlfn.RANK.EQ(B299,$B$4:$B$78)+COUNTIF(B$4:$B299,B299)-1,"") | D299: =IFERROR(VLOOKUP(C299,'Question structure'!A:E,3,0),"") | E299: =IFERROR(VLOOKUP(D299&"Viet",'Question structure'!D:H,2,0),"") | F299: =IFERROR(VLOOKUP(D299&"Eng",'Question structure'!D:H,2,0),"")
C300: =IFERROR($C$1-1+_xlfn.RANK.EQ(B300,$B$4:$B$78)+COUNTIF(B$4:$B300,B300)-1,"") | D300: =IFERROR(VLOOKUP(C300,'Question structure'!A:E,3,0),"") | E300: =IFERROR(VLOOKUP(D300&"Viet",'Question structure'!D:H,2,0),"") | F300: =IFERROR(VLOOKUP(D300&"Eng",'Question structure'!D:H,2,0),"")
C301: =IFERROR($C$1-1+_xlfn.RANK.EQ(B301,$B$4:$B$78)+COUNTIF(B$4:$B301,B301)-1,"") | D301: =IFERROR(VLOOKUP(C301,'Question structure'!A:E,3,0),"") | E301: =IFERROR(VLOOKUP(D301&"Viet",'Question structure'!D:H,2,0),"") | F301: =IFERROR(VLOOKUP(D301&"Eng",'Question structure'!D:H,2,0),"")
C302: =IFERROR($C$1-1+_xlfn.RANK.EQ(B302,$B$4:$B$78)+COUNTIF(B$4:$B302,B302)-1,"") | D302: =IFERROR(VLOOKUP(C302,'Question structure'!A:E,3,0),"") | E302: =IFERROR(VLOOKUP(D302&"Viet",'Question structure'!D:H,2,0),"") | F302: =IFERROR(VLOOKUP(D302&"Eng",'Question structure'!D:H,2,0),"")
C303: =IFERROR($C$1-1+_xlfn.RANK.EQ(B303,$B$4:$B$78)+COUNTIF(B$4:$B303,B303)-1,"") | D303: =IFERROR(VLOOKUP(C303,'Question structure'!A:E,3,0),"") | E303: =IFERROR(VLOOKUP(D303&"Viet",'Question structure'!D:H,2,0),"") | F303: =IFERROR(VLOOKUP(D303&"Eng",'Question structure'!D:H,2,0),"")
C304: =IFERROR($C$1-1+_xlfn.RANK.EQ(B304,$B$4:$B$78)+COUNTIF(B$4:$B304,B304)-1,"") | D304: =IFERROR(VLOOKUP(C304,'Question structure'!A:E,3,0),"") | E304: =IFERROR(VLOOKUP(D304&"Viet",'Question structure'!D:H,2,0),"") | F304: =IFERROR(VLOOKUP(D304&"Eng",'Question structure'!D:H,2,0),"")
C305: =IFERROR($C$1-1+_xlfn.RANK.EQ(B305,$B$4:$B$78)+COUNTIF(B$4:$B305,B305)-1,"") | D305: =IFERROR(VLOOKUP(C305,'Question structure'!A:E,3,0),"") | E305: =IFERROR(VLOOKUP(D305&"Viet",'Question structure'!D:H,2,0),"") | F305: =IFERROR(VLOOKUP(D305&"Eng",'Question structure'!D:H,2,0),"")
C306: =IFERROR($C$1-1+_xlfn.RANK.EQ(B306,$B$4:$B$78)+COUNTIF(B$4:$B306,B306)-1,"") | D306: =IFERROR(VLOOKUP(C306,'Question structure'!A:E,3,0),"") | E306: =IFERROR(VLOOKUP(D306&"Viet",'Question structure'!D:H,2,0),"") | F306: =IFERROR(VLOOKUP(D306&"Eng",'Question structure'!D:H,2,0),"")
C307: =IFERROR($C$1-1+_xlfn.RANK.EQ(B307,$B$4:$B$78)+COUNTIF(B$4:$B307,B307)-1,"") | D307: =IFERROR(VLOOKUP(C307,'Question structure'!A:E,3,0),"") | E307: =IFERROR(VLOOKUP(D307&"Viet",'Question structure'!D:H,2,0),"") | F307: =IFERROR(VLOOKUP(D307&"Eng",'Question structure'!D:H,2,0),"")
... C359: =IFERROR($C$1-1+_xlfn.RANK.EQ(B359,$B$4:$B$78)+COUNTIF(B$4:$B359,B359)-1,"") | D359: =IFERROR(VLOOKUP(C359,'Question structure'!A:E,3,0),"") | E359: =IFERROR(VLOOKUP(D359&"Viet",'Question structure'!D:H,2,0),"") | F359: =IFERROR(VLOOKUP(D359&"Eng",'Question structure'!D:H,2,0),"")

Sheet 0-82
A1: dsd | B1: sdsd
A2: 1 | B2: Do you want me to drive you home?
A3: 2 | B3: What do you think I should recommend?
A4: 3 | B4: Why are you so confused?
A5: 4 | B5: How come you know so much about me?
A6: 5 | B6: How can I explain this to him?
A7: 6 | B7: What am I supposed to talk to him about?
A8: 7 | B8: What do you want me to bring?
A9: 8 | B9: How was your trip?
A10: 9 | B10: What do you think he wants to eat?
A11: 10 | B11: How is the weather?
A12: 11 | B12: How bad is it?
A13: 12 | B13: Do you want to take a shower?
... A47: 46 | B47: What should I pack in my carry-on?
I53: 3

Sheet 83-100
A1: ghỵ | B1: ỵyu
A2: 1 | B2: How did you happen to know him?
A3: 2 | B3: When did you hear that?
A4: 3 | B4: How long does it take to get it done?
A5: 4 | B5: How do you work under him?
A6: 5 | B6: How do you put up with it?
A7: 6 | B7: When do you need these by?
A8: 7 | B8: When did you make up your mind?
A9: 8 | B9: When will you call him?
A10: 9 | B10: How long does it take to finish this course?
A11: 10 | B11: When do you want to start?
A12: 11 | B12: How do you handle it?
A13: 12 | B13: How did you get his permission?
... A20: 19 | B20: When did you get that?

Sheet 100-128
A1: âs | B1: ấ
A2: How long have you been waiting?
A3: Where are you?
A4: Don't you agree?
A5: How long will it take to finish the book?
A6: Don't you like him?
A7: Isn't it your responsibility?
A8: How long will the battery last?
A9: Where do you work?
A10: Where did you get that?
A11: Do you agree with that?
A12: Isn't it interesting?
A13: Where are you off to?
... A26: Do you agree to work with her?
